equation_form,equation_id
10^(a+b*(log10(DBH^c))),4395b40eb0ffe58f2880362b34508ed5
exp(a+b*ln(DBH)),a22cedfb55decd0cba2be2e2d487d2eb
10^(a+b*(log10(DBH))),e328920b5a80f1eaf86d45d55f75ec5d
a*(DBH^b),1346d0eb3d360b70dfe9a967916eb68f
exp(a+b*DBH+c*(ln(DBH))),73a18173297bee3a1951585316e821c1
a+(b*DBH)+c*(DBH^d),07632648016c83efba60fadd06e791c9
a*(DBA^b),64d4129507cc4c4fb8f290e16ef537f1
a*(DBH^2)^b,d2cc5c010dfbd14561bf29987d0e4bd3
a+(b*DBH),a9d9e0d232d5e94ed459949a70f6e7b0
exp(a+(b*ln(DBH)))*645.704*1.05,2bac6024825c325e5017335a07061f42
exp(a+b*ln(DBA)),bd61471bc7962fe08f341f04214652be
a+b*BA,5eeebf30db26ed5eceb4b6b8d97f2a48
exp(a+(b*ln(DBH)))*419.814*1.22,d540aaf3fa757c11c5b5d7324fb34860
a+(b*DBH)+c*(DBH^2)+d*(DBH^3),54f984eeefa9f62eaf433ddeb982e56a
10^(a*DBH^b),60aba2a3a764bf6358626768e2977ea2
exp(a+(b*(ln(pi*DBH)))),b756830e74d133229810e0e8aee8be7f
exp(a+b*(DBH/(DBH+c))),8044c639874ebebb122e1c831655dd9e
NA,c3acee221456366050a5a507da69156f
NA,78c7a2ec0d0b9d3e11e895c40b5a2dc8
NA,810d47ce36a7ee0e156dab354aa06692
NA,8dba80b77cda65e0ad6c8d67959be8d7
NA,35244dee9172fb771b14a3c6f193182b
NA,4d5ee49fad83d49b45df2d9f36ca5709
NA,7967c4004f2b9b133268c13cc0d0f7b1
NA,f8a62f8c0cd29f3b13c7c48018328db0
NA,a38d48ac1c8cc9c9a2c34030bd2af9d8
NA,cb8b9df62ec0f8ad68812982f6bd4795
NA,30464b7fe0aa060b931fb62e7b64fa8b
NA,6947db3a18153bcda3afa63d809c5918
NA,262cd9bbc50249e99f97f9d7119dcf11
NA,2e158fe4de188ae4bf65e7f588ef1cbb
NA,2380580a1c638344092e7fee2506c558
NA,baa9c84aac93fd90bc54e8cf56a759df
NA,efa13aa19d599af5eae696a760215b0e
NA,b208b179da20cc23da1afc764135be6d
NA,4b1aef0d80bbd56fbd3d7f4c3c592f7a
NA,b4f91e8516df9a198809a146585219c0
NA,6201b77b2146847e2fac7b506fd63da8
NA,673214391e461024cb6bc8a9b25c1a07
NA,e0dde5d79dbfb06105d4027a6b9cd205
NA,d856b1560c3e10cf09ed388852faac9c
NA,00d217c8e58c595b7f6d6c78c9e0cffc
NA,fd123f25c8ff4c31708e3613bae54246
NA,1d89de425f1b39410e32d68b09db09e9
NA,6dd4490531e0ab0197e693213c1ec7b4
NA,ea463f07db9086b337139cea4a27097f
NA,4477dc7b76d5eb4dad08f00af0b9eb3d
NA,1fc22ef8fbb14e3dc7274163f58d6c07
NA,51fb315c243428743f79fa142f0d848e
NA,1518c9e6e8c34b25340854fa37dfb94c
NA,b93f8f68853fca9bbf0742a550cacf1c
NA,33041a91f2254a46ff8c063d2e3f0dfc
NA,d35b3f416e192e2276a1f6e530f23334
NA,82c9ec159f8ac4b7cebfaf462a49da4b
NA,f0d716aafff1180e04b0ca5b4b04f6b8
NA,09c7efd6c915940232065a4e58b53f85
NA,fe3efce490ad29954f1faf4e9abdb2f7
NA,55633a5e1581250f0bc63ba8d79a2976
NA,e2354eaad48bd30f98270d165de7a27e
NA,cffba8d5944949e1d33f605fede02bd6
NA,9c5d68eefd3ecd227fde84d37e3791b9
NA,ae0f222d4d972598a4dfdef88bddc117
NA,674fdc323256375827e90bc8757d88f2
NA,1971c4f7c56906c1d835f6d2d46081bf
NA,7548f7c441c04d60ecb2b98e42a94c5b
NA,9afbfecbfa99d8f2aa432599c70c9598
NA,e318deb6a48a05e877c112a3389df777
NA,11c36a12b538d68a73acfa8cc75654d7
NA,558207b5fefac2233a53ac8111971ad0
NA,18c626e9f2e1ee543346e1986e9a1c63
NA,5bf3b3503025819f7d4e112499542537
NA,3b8f126a9b311da44ae2af7720666cd7
NA,990d667a4f8c966a388a391d3a65ba35
NA,c9b3ff9061b26b02e4af0dcb33c535fd
NA,ccd61e870403e927ee36080bb79807a6
NA,ab84e933aa14f232b264646885231207
NA,6f700d0599a42798d3afb26c1a529594
NA,833b07f474f9c736609d430b23b544d0
NA,cb6ff0358b79ba3b615706c264480c11
NA,bdaa23b778db863747e5a87afb797582
NA,37251a466d4b7595c16709fd297f90d9
NA,0b6391b5c7f0bfdc4f8485b39519f3d0
NA,5596f0d4c2af4f2eb67914e889913e8f
NA,8275ba3c2c9c6e40b172f283c983c125
NA,7694bc9fc1f89441f33744aae65bc3fb
NA,57e2cb0e093caeb1a12dc67c286405ef
NA,9c997284baf851b226a77e02ba504c8b
NA,d7ff44b91e74265b8dd48dbd47c2cc08
NA,e9a615d29ef293bd933da5007c3a5643
NA,755cd1aa114f1f94aae99316ade4a44c
NA,5b8ca8aa84a2d412694648eb8a7769e5
NA,968e71318e8ec026c179b4ece4c1efcd
NA,fe371f7368fb43033c0294608e32efa0
NA,728f6eda166ab416d1d20c183f321ee6
NA,4ddce30d2ba0f7ed559b4039b2742e36
NA,e487c456e823a78854d7518871e8202c
NA,2d47c9588d6f75ff9f262a940c947de8
NA,4e8ecb2181fb759230d43a1e508ef71b
NA,198ae012c720ce0171a90316a42e0ca1
NA,81632def13c4d1f9d91ddc9ce8c7d559
NA,342c0553e732c503106d74f2bfbd648a
NA,64334e2ff8c92e0a19d1d8d99463831c
NA,8cfb637b999dacfec9406fa206ee9b20
NA,8edcfe762c8c5ef14aff349cfe115658
NA,987ee0d2e66a883c17e2f4ea8fffe813
NA,00b784c27692a15a64065f0bfd3c0e89
NA,f22c19d84669453f2aef60963fd4d274
NA,1c02fd6068ed5df62538f62f6b03fec9
NA,963a27b73830ddd9fffc1b71b07e08cb
NA,f6fa9e7e8c3b54882b85c600aebf3404
NA,d3d8ff53688b34ae01c2bd851e4be7ab
NA,1236e9cdee9ff957787de1be37ffb250
NA,43dd3ba53092ae0f0e99d777fea7986b
NA,c279ea777cca5b32feb3f1995473e339
NA,fcb41572715b024d4ec6684efc57e431
NA,4ef8dbb3e21b1d2cd9bbbefa460f5fc7
NA,d230a6098edebd288b73e5122c0814c0
NA,06c55cf7b1d0a482c16e97384ea671e1
NA,d1f0d87c544c30ddd4860251e07c06e7
NA,a86a9916016c23f55a1766209ffe0bdb
NA,08d1876517db98964598970af81b55e6
NA,1f688c04f271332c63fb034e328e872a
NA,4d918e90964998e9d9af441ee1096efa
NA,c02e58f680dba35b6f5c3563d61f061d
NA,1b0b25804c19096f8d7758b0257ff292
NA,63e12fb98849179fda1da9571c6c0f48
NA,76923b1d6cbbcc18bb06f8207208c0ea
NA,581dbb6a29d902ee0d8b2e50e53b43b5
NA,8df6fc99e82938c4f248fe64abd0a8a0
NA,cd3d98c7d61848f229e6ddf445957afd
NA,f30a4a9e420fb892a158e40ff8deaa65
NA,285b4c6fde77ec908e30910968604714
NA,9e3362cf0b220522d233cf298ca7cbed
NA,b8684482c9c51153683994e6480e7b27
NA,caa8c9c8bd67775820826656a9228f36
NA,3d391f946a2cc4844e7abf1dacb7afa6
NA,aab29ecb3ae9ad2a710e150012bbd3dd
NA,119a544a34e9d09195c310a6275c5d13
NA,551a8d0c3acd5073d9e589df4c337bfd
NA,1f41cb97ce2d23db3d3dc627ff2ced36
NA,629eadd5a117ef7f62b91dac7c27da8b
NA,ffe1a5d57284e70325201a2939d69f08
NA,7202e6f1ba517b93f3713d29e9905614
NA,8c3bbbb670dca84386d54f5e19602eb7
NA,fe035b9307b6d966f5f4631edf922ece
NA,4599e38eef360783f35f18f88915b188
NA,e4f65c097e86bab482a681ad30107858
NA,737882694d1bb3d500293bfec1154f2c
NA,d8362e1c65df565bff92ce70ea117a22
NA,64bccaf032407a3184d5fafbe5f2c249
NA,5566cbb43a55344c88c3d30cf1c69038
NA,0cd8367f263b3849389a155d3d975f82
NA,ff090ddfe72c87107d3570c7c3ae3603
NA,247608c5581422438f26e6d75c9cf5a2
NA,e21c3cff4a329a5e85be16a1dcf4b45a
NA,5bb7a4bf66251de38af4a7aa8331cc61
NA,65100fd5dc57449012a959b1d282697f
NA,61803efa482d2758411844d60515ae68
NA,9c418634108ea0091068b127c87e2336
NA,be585da08f4ef9e312f2ca48f2b52b46
NA,c4e6e79e6e6f7eecc9a5e3ae7d524594
NA,3b68492043fd1dcf0b2254c7fe51ca96
NA,393c6d73f53e05ca4bfec96f13878759
NA,a8814291977acde7fbb96603172cb57c
NA,6b7139ef33c2cb48d026fc374c3d2902
NA,3024bf6d4181bcaa31fc1342192c1854
NA,c51b8c5656d8dbde78b2067aaf361dcf
NA,f1851b71d4d0c134b6d07374e05bded9
NA,a9b442754043e6b3671d9f01f7c14ef7
NA,d7e9e06f9bd028f9d2301545bf50552a
NA,e462b4ea6ae6e4a99cddb0084da834c4
NA,013f7b0ffd423ce1e0930032de1618fd
NA,bc85527ccd7e1e29249f9133c394c10b
NA,b926f2fc6582ae6a8c2e020a9c213387
NA,c65e49f367697c99136b78ce7c8ebcff
NA,5e08f4d408975eb1c0c6de746b46a65f
NA,0016af314b1f9156ec817107cc0a62af
NA,5a43b712bbedc1d5b297fb725167a086
NA,4748baa16b88c1363dee30fe7543af6b
NA,86e6a76f18b23f67f26248f5ecac5d2a
NA,8a24c27081f90349c3d8cbbfa1672e17
NA,a30546164a55d08b74a330c5135d69cc
NA,d97d677140c111a3069c07e1517225c4
NA,1574d6e47b134dc3be79608d894d1c66
NA,36a67171f9a07a1170246de9d446cf25
NA,9a604f5dc527776b58331ee07dde2c1d
NA,90ac1dddf635a0fb7725a4fbc2d369ac
NA,311e47803746abfd6698b7be59955bce
NA,d0de783da5dc741add18e67b41c63608
NA,d3fedfea69d168d215a21741a577a8cf
NA,a66868cd3c1ee7775ddbd7907e592f83
NA,cb6ed7b4ffb29c8d588b7be2d8787e9e
NA,8ca633b0ab4b5a3d2c12cc42e2e1d35b
NA,814756919dae0032d97a6abebb04de67
NA,f43b9f17ac0d754a93461f1496874889
NA,3ea9db2ba178243e911f10493e420de5
NA,b62b3cec4e99afe14dbc80741660bf81
NA,66f6578ed88c0112b8baa989a2622dd3
NA,6b86700eecf1dc3b7ac21ec6040b1497
NA,d99c2887dc0929c0883aecf7c88bcd5d
NA,e54b0be3499eabdc6cc3921368df4ddd
NA,3017a7c81503846887f3edd312488417
NA,0045b8b1cc753f942d6f3fc1c3b6e6a2
NA,c1cfd6a5fc9ab73c1b81b7e9cc0166bd
NA,45a335935148848fd433988c6cf25d5d
NA,2f129b211df64b8657097848b1c9e344
NA,403632860b13ec52a245b5fbc98e8237
NA,6bb16ed65e8b8f0f96d036fd2315185d
NA,b7e074170d368fdaa1b12c2f670c6192
NA,0013ccbd3ad457b04f0c42126105efef
NA,20801b09024a96b36ebb885207adf51c
NA,2ea806a1ebdb783868de18763c1a6546
NA,353bd7d841c22e436d69442aeb3695a9
NA,db2adb84ff2bc5b09c383214435ac4fd
NA,bf664d886f230ac5eba2534154d6e2a1
NA,c7ec36420b67ee58ba97d3259e2f7a54
NA,8b07d31cd126478281b20d5bb0fe49c8
NA,c68b953431721da2b685228919429607
NA,9d58e59fe5a3732cb7f5fb207ef11990
NA,1a1fb6803fa4f16e8a79e5fe34809602
NA,69395874b76ac8ed49c7173f7bb0fea6
NA,25efbe0f626721ab71f1a9472a8758bc
NA,a4f88246b0d7b6248131136e46e26039
NA,ad87bb6c89714676a401fbf989402732
NA,bccd411221c2a32370b41f5e9cb70166
NA,ac03da2802aaffb56543250a297460b1
NA,6ee16ea6356fcecf931096163f2670f6
NA,f447dc26a50626ce6ca014618192e477
NA,d4751eb1fb51555b2d2e01c8d69bff09
NA,3ac29a1fd6ac8d75bd12fa505044398e
NA,8bce6290fbdb560b4f78a38a5ba26b3a
NA,ac98eba389f98f31825e5bbd24578c92
NA,0946ce1ab942e5d9f3875350fa673b9e
NA,f1fd8971741a7f2bd26d983c975fa96f
NA,ace097794fb587f8015cd0a37e66a455
NA,8da2451f73c647c2e299669bc008eb67
NA,40cbb9b3124f0fd40e59a73ef22e879c
NA,6bd26ee8f6ce356e136a3a0fe2d1bb8e
NA,81ba639feb6f7cdd058955a21034a2e8
NA,d98de1a645048000e9c79eae90e5b8e1
NA,8753d3e7267d85b70d6a4efa8045f279
NA,8c88c1b65b453345332e816ef5650aec
NA,8ea73968fb6d55829f551147eeee8631
NA,4f8a6eeee408704e44d0a8fdf7fd868a
NA,861a14d049f7b7f417998676a84ee5dc
NA,d931980b600ba66424cef88724f4e826
NA,5fc88d1f28608bd34b796891c1da8649
NA,ec9e747550f973f77477ae23a4f9b27f
NA,911733063230eec6f4dbffcc22256243
NA,7cf6f19d153a882b58569bcf1086ffe7
NA,12759562e920d5c403e0309561b8f27f
NA,d1590f2d6b6e3fed38eb1b37d5ff4172
NA,54adf51797e9d1ae3dee5ae9a774fa43
NA,47e39d058c0e13fca24ddde04e9807e7
NA,e88ce11dfb1ea3b305e8ef815d435813
NA,3121ee612ae321306cc4bdcfec1fc235
NA,e250deb00667223aa609de5bc21e67df
NA,58bd8379f2c7474a88b09045519bf207
NA,70abd49bfb34b3eb2ecad20a644361c5
NA,d963be42dc09f718af5551bfece936b8
NA,bda706d5a8d1307b8e30110aaa4b476b
NA,b95a03c3bed9b7bca45b6d8cecffe172
NA,73573b636cf1ce07d6b276c7ed861cb0
NA,83af74306be2004f7550ebf8a11a1507
NA,55e5defeac1b2c27e01ca0a15c53decf
NA,68a84e58a9c52be6e9723d910d44aab3
NA,1261b11cff36c3314a1a347d355e20b5
NA,04efce87d321c8b04b9bd08a587e8cf8
NA,5b4adfa873ac03f90369e8b569d74629
NA,184f1626a6b40fcf8a8d01d5b7a853cc
NA,04ce1aa26165bc9ecb2ab51a20f18d9a
NA,c760df61b24b6f3ff00b563e35d073ef
NA,475dd0772e160649bdbf8a8c6034052b
NA,23c1a13ce59eba64e3f1f0850966790d
NA,c441dd0626a433dbd5a21940200dd510
NA,5ef2f3379743a48db9a9b910d888f398
NA,e42e43572f43ad0805f369e768047d84
NA,6528cba186c5b7fac74a6d63fcca06a5
NA,4fec552ea506a867865f1a1c97f574aa
NA,198f2bbe91f6fd9f4323ff85f2c0cc81
NA,b9a9e749db200d76fb97a90f9b4b9db0
NA,f7df1aa62b3699bae332436d883a6fa5
NA,3cab9bfeaba7dea6930d736e1fb97f34
NA,0fa028932017e4c18554d9513ef7aa2f
NA,d4775bcba1ca4d53807ef2d06b7f3338
NA,e987fa6f38ee60bf014a5d0f844ecfed
NA,188125ab0660d7e79cf26de8143705f7
NA,f7531d4f4850e5c68f3f54150cd70b84
NA,6865596cc6d4b3b8ac58703cbaaa5946
NA,c28347ba86112b24fdc5fa67acdcc2d4
NA,dbbd4f585f6e203d6885400ec98a5303
NA,aec78ac33e5af1243ac980ad1d833395
NA,37a3277cfca9ebe1da2529504dd16eff
NA,15c0dd5c73e30acbf6220ab1f5da5e2d
NA,9b15660f4e7152b0d2ff937fe4954a1c
NA,1b2aa3f3eafa7403ecc2afeb864173f9
NA,7c218543abfa3a4fe48c97a1a37294c3
NA,439f2607085bde6d3f74c89d97b9138d
NA,adb9ce9d918edb785d4abf373c2c3bea
NA,f41b8dc67a7c4082b4e14d5dc4ef9af9
NA,35bb6e324bc0cb54ccd616defefc28ca
NA,632334b18c7d19e64d7a1f904af6acb3
NA,65e2854460e95b42ba7326f8f6bbb3ea
NA,a97de80f4f88f62883285f2b9b519f2c
NA,6e0fa71bf4c34996a35ff494436dca77
NA,9e1202d945b10c668e7ac8d90b562be4
NA,fd960a7890a0d1e04989176a2924a84e
NA,a3eac7f62bec823fe67b30296381061c
NA,3300edd206d9bf8e0374c566ee65e703
NA,c2c326300af46f90079518b38e60883b
NA,52a4f231ef76f0bd79ec0ec5490a7e46
NA,e13b82b9938228c6c9e011524cfafbd4
NA,e8924ca044622dbd849bb7b31c542ea7
NA,1e68f991e323f043e3435ad13417b0a0
NA,55aa5a38b84866f51583644eae315bdb
NA,d23e267b22184f9653655b14635b48da
NA,796d827e084f13fee487dcdc4fc44722
NA,6941bcfe5bf3024fbfd48b791f1f6012
NA,c69f8e10777528cb8e4691af8b9bdd8c
NA,43d246763ea243ea95906887b609d320
NA,de56388694040a6a002726cd43613c06
NA,8119ea308d9dc7d219a1f635ee4a2aa3
NA,3d7de5fb290f4d1fcf47600a309e2d95
NA,dbfc8a009bd08322cdfbdd1ec536cd99
NA,f643f5a3a37471819628cd2dcb7f3420
NA,36d121f785a9ce51deee15d36d07a7d9
NA,d26e00b2640d607a4438a787cf48f97d
NA,7dc7bdf51a070383fbd27f45fa850bbc
NA,80203976c342ebfc76c59e53fcb5b03b
NA,a875954c15999813578a4fe03d93d5bb
NA,12e7aaa2f3cb1e751bd57e907f2119ee
NA,9963143f3a790ad7df6d2f377576cd19
NA,e6d8858e2924d3f3b7b4008753cfb1cc
NA,6218f791e028de50017b47da93059924
NA,12c82c9ab0cdd73553449bb740ea55cd
NA,9d62275e9d91bcabd69ec9b3d36451bb
NA,9b250a2a5326e79b3364fd9d2b4666a3
NA,e8676c35c946ac86d82ec30de7526c1f
NA,946f90d560e8ae1f7226ffa229a160c1
NA,5bf394bf3413a867bd12c1b3bd193fde
NA,ab89e0964706a24c34b0e627ec9047bb
NA,c248b6c39ae3014bbf446ff924d7a0ac
NA,29b78adfe06d5fe8e48186ac15336d0d
NA,40a9a01b8c1601bce90ab3fa6adc049c
NA,0b83801839870404058ed1aa75248c0d
NA,fcd5e7ca0eee2a2fc2837234e9db171d
NA,7567996253b80581ec7116699cac59bf
NA,c4c6eb8bcd01bea3733344fc0f272d16
NA,6be9ff11ce7d4f29fc94e02cbb08dbed
NA,c4bc83dbfbabedd3fd41bf30e736699f
NA,e21b97e75adc22069ecdcca87161bd12
NA,218569cfacf6fb0e801a4a885dc8dc35
NA,de3c6b23242f44d8d11541331dc2d3d4
NA,ea2604ca19e00a3a1b8c129cdd9a49a6
NA,fe07c7dce2f7597f28b4d7eaa7fffaf7
NA,77e0bb294da50ffc82362b87c04c3ee6
NA,c766829ce518443dee5b63ec8b406080
NA,223e2a47c80c3e6a258bf2f79461266d
NA,cead6be358140c50a6b0514d7ca403fc
NA,6e948e10d0f17854dd7e6bc699dc6eba
NA,53b58d47c9f26c9ac28b8aa5c96b60d7
NA,5a78646306f135e72279b5253fb85b8e
NA,a63d353380f1bb041b387b5f4726cbdc
NA,27fd9dc03fdbc5e647a93bfc11e3d0fc
NA,af4a3e48ba5bdadfe7693b9fbc8d0704
NA,97a16716e0de067d20fc7897c11e0cf6
NA,02940b5cbd678545799e0ad35e1675a2
NA,d8eaf17d263989c9f72b8d0207d71772
NA,ecbc88a85d08e8c92b72da1dd86b52cc
NA,1920519103c16310e3ab281f71caca27
NA,f39ca436c505b4ffe0c7628fc7d5232e
NA,6d30e08abde4ba16e5809c1986760358
NA,2337882168d9c235e29223e097f23e24
NA,87b0c2c17ec38160012882d0070eea4e
NA,820461e1c4db999ec9e88e1f83f8195d
NA,2105b4aaa30bdef52abc170d77de071a
NA,056ed6274ec515f96132edb98a181400
NA,997b7b388b3dc261ceb5736d3215a72c
NA,1894be32d88445d34bc4582c86e3a935
NA,d159c0caa422954763fc32636bf2e2ef
NA,c461a07b179a585fff65388e44ed2aef
NA,d524c7d08c5f1bb82f984a1107788ede
NA,0a88a59bafe46c96ffaeff1e19563f9f
NA,49748c80ff027f4d63605f8007ab5d83
NA,3ede7aebb2dc0c85f152e023c641bc4c
NA,84296e2773eb94776d731b0e96c55ffd
NA,731659ba876e688a12746b59106906a1
NA,ecd1a6125789e76858476f9ec8a4a43e
NA,ac3d9bf5a79313f66807da10541e9bd1
NA,b349bfc5b04db7e8150eadc849db3960
NA,d2dfb3b580de40ea3453c7e124d1c214
NA,6a7dd06e130ae532b4e86d32baca0234
NA,4205047fe6c3161e02229476d1d1ee84
NA,9497d428b41238229e5d87064fa3aad6
NA,93a452fe99cb0b7e879e2d08bc38d69b
NA,5183e68fda7f6c690ea4cb9e5a2f2d3a
NA,116157dfd00d5b67cf4c95a0df1fc66b
NA,50332c33882e7e6180a750b8fc220ccc
NA,3f4826075b2634eee6b137b709a694c4
NA,2518d851d7ad1dca17fe730db9e81e8d
NA,2c37a782c4efe467fc3686a396d58609
NA,17bb513b3b94b5a04e7cf6b07424b7ad
NA,4a965a8f07f7e687d714184b0b803f45
NA,648abea963cbf6fef301c4e8c88d1448
NA,652d997295373b6cd8082a3753f5b30e
NA,067c8d655484ea3c4e4e9ce7062b5cb7
NA,12a2025cdd3717d9a9d17971956c3e1c
NA,700d73ca363c80535f1f0165966f6c78
NA,2247342e61b48c2376cedb17475525a3
NA,103a890962c0128b9825c6720e44b281
NA,7bd666c9d58c7f74b5d9d708f34a985d
NA,1ccdb1bba3f6f2a9fb84fb979c7f6dd4
NA,e5e845dff1f9795afd9f55a9062c5ad1
NA,881f0208ae16784433a5ed1998d67854
NA,94080d7f9594a79e40276168f54e8897
NA,e4b79af67a0aeca8b102b493e73574d1
NA,683807eb4c664bf864ba6677b5f4e703
NA,109ab683f98b8ba045fdbae5b185d112
NA,3c717f17a7e8926383f5332b6f0378ec
NA,583fb2978b31501585cf0746df9514ee
NA,61b53acb07c0890d50db9cd217e7551e
NA,4f1cd7f67ab45fe12d669dab1cb08e42
NA,dcca3978915f13bf10efcfbe4567030b
NA,075cf509230131a74c70094e347d9722
NA,ec9b5be3a73ba8cf829385286cb18e00
NA,7da8dc395e30640258f8c001b34264e1
NA,67a61a1d1bf85507e32497618bae3692
NA,241cffa129a72180053c4754ab9655f9
NA,d8dc2d675fa3e372778042060b587482
NA,c7a83e3f0d2e85f666da749bd3d98c6e
NA,cb630923073b2147f721ab041a6024b7
NA,3114039cd026eee14ff75b8f1d00f6ce
NA,34c4d7f79c6c4529db3ec094007b11ec
NA,67378782fa825f1e5c256b138401795b
NA,7ff1c51f74b4defa2633d1f31e577e08
NA,dea78f3342f1c65f0c7070b326680ac7
NA,94faae8e82733c54be79debb55db41ff
NA,9a9bd96f045f8d7c6fd02158c1f649f0
NA,fec2cf819a9163bfb64872ef9c9dcbb5
NA,026b41bdec649cfe2322ff6c72270a8d
NA,df16c02ab36cc558e2579fc7b1184c9d
NA,a14b12693191486bc8b09f4443e6ee57
NA,58fadb2e6c01cfe8eea34aa7379126fe
NA,98f92f7bfb711adbc7e9e66cb5edf4e0
NA,c7f877ceefc29b166f1a214c20ec86ab
NA,a84885776a98ba6d7c8371e85b7898e6
NA,ab4e4def39a23b9c1274db97ea91a5bf
NA,f12762245f003f9c3fa7c918b414aac7
NA,240155a6a337e6bcd105c9016dcc4afc
NA,142eb4cff6be4c1b0ca459542d6fd771
NA,44abee24e6c027e017ebc4885f557714
NA,97006dba7092ec509efdfb988ebddf1e
NA,cf485c71acd43eebb0794a7318e4546d
NA,04081cf72ffe922e41d0e2a91bf7abc6
NA,748d07aeabc95faba060c11ac6345171
NA,57da3e562ff0d086f0a8f007f0dabcc6
NA,c457976d93e834908ceecac7396eff9f
NA,1043e201782d4edc03d5c5d2cd960230
NA,582bdc61006e2a96215a61b898778626
NA,fc7f2705d0ed5fefe24053f56d75c14e
NA,801445d624fa4cacde97eb9da9eece61
NA,f7e7e9e8f65097e5fa88487a231ac204
NA,ab9190459591f64669f9c3aff1d1aad2
NA,cad7c8b97c59fa6568ada6903c321ab1
NA,448bfa2d276bfcc85d7b60aae0bb0b5f
NA,bfa9647abd67c54fa41c977d9a8195b0
NA,153fde59893cca8e1bce6e099432066f
NA,8136037fc903c22a23ddc29bb1ce21d0
NA,99a8bf3c5b86fa36ed2daec657f3e33b
NA,2371949a234ead4fd4722d6ddbccd71c
NA,f858cccc8ba58fa587557f281f843a47
NA,5034b2e991b4de1d62950b666d24c919
NA,1a1829d96d487b10aba5167feae0c5dd
NA,b273076c84bc49f7595984176d816cc0
NA,05f7fecdacdb26ba934709ed544d16a2
NA,f70d485516658ec1dc8baeac5fa66a44
NA,b3b7aa49ed810cf715ccc54ec20a2ffa
NA,ba76f41c894a4a7122ce55fc519062d7
NA,7af0f650f9d26889d38c077f0d8fac19
NA,b9b1abef54806f1d3d2158a58ff5fe4b
NA,c657a919a8dc8fd64d718d1a5bad9871
NA,26541da602529394bf879924620c7fa2
NA,2cd3bff2485fec3263215a18017104cb
NA,92a1f9fcf062107c3033734ce86b73c4
NA,48f49bb73cd4f828a20c2dd0158c9530
NA,d8bf0d32139c8480ac9c962794422d88
NA,2f9d3c4b665b72040bb632ace35ae3a0
NA,705b3a3890c9d76f7734cc99f5cee9a2
NA,11a8052594f56d1a0024a2b9b283ca36
NA,6d6df0eb273112f11c7be511870877f0
NA,1ee1f587db31d1b4f51f2d672cd1688c
NA,8c7ceb2a622dcb3d9f5f3e00e796c6e5
NA,5b07d97916a24f8bcc67b35384f38c12
NA,0612a11b93b3ad847972943ffcfa1995
NA,48c578b983df426006af5a69a1d242ef
NA,e864a0473314575c0210fafd93053fb5
NA,3c3a7d98cf6fe55b276a22bab5208c36
NA,2ce5d83da9e245d0486cfcc864927521
NA,60a0b6b8520ef955aa0a58817652d96f
NA,71555e279da0fe941c9c82af0198480b
NA,aff931ca5ad31065151373ec0d82d157
NA,09932b24cc5b62e6f9160a9085bb0831
NA,dbfdbfc1b67845d66790112001ab1e0e
NA,c07dd8fbad426c331e2a9ff18a0c79d1
NA,8f4ef36427e9c2a14451b4e8cb80547d
NA,e033344603bad8fe83b75f3dca003aa3
NA,eba358d3b05cb4ea530f1bb94baa0418
NA,370e5e09efd98508e61c10489701896c
NA,00680b404b79a9ab4bb5167086d184cf
NA,247c8ae651e08a16971f347d179fe51d
NA,febd8c9a280cf99e87d3467c004cecc7
NA,61d5b6cff1a7c8cbcf599542d877fc80
NA,bed31310c5411b8ba20f01cee755e1de
NA,7bf9481e119bb044497b1d4f168fd25b
NA,c022574cab630edc3ecf1fdcb2b11926
NA,b72d4f6b688643b378c1d2a40e11ee6f
NA,28f18eb2105fbeb7c62b144c0bbef811
NA,2448fdc36651ec236a1dcb381484fe1b
NA,2baa0af0d6922cbd4cf3987b59e6bf97
NA,632f23534ec0cefaf94d2cc94d8c9ffb
NA,7ed0efa5ae8774bd9058178dd612f8bc
NA,74b03e89e4e27b02dcd70fd05fbcd4cf
NA,1cea8073b40958b7df368c90e27348c6
NA,6fe9941edbd1e89c1bcb95a20bcf6555
NA,87424e73305b4eb0e4301b94623e35cb
NA,8d2831504a7e8fc684f0dfdba027f37d
NA,844ed858b31a6723dcfff29285062389
NA,c5b7b73e094db15b1ef39c3d14aa74f0
NA,6a1c0ed066f59f3e0bcfa9d3234ed533
NA,701075364a521a503e04eeb05a9e18c2
NA,da94bfcfad84f0feb1a9a2ca3677dc4f
NA,7eb09b6c5be0f413c0130e315ecdff93
NA,e700d25e5cd31ecb23779db192121f36
NA,3d78061fd370d02a12d20ea72aa434c6
NA,fd8852c7dcf3786c1c98cb0ba5fb82d6
NA,c1ac3a29d4457458950cc0d8784032ef
NA,1b3d42d5825c362e8521d18a55ad88a5
NA,fe91298106ebba096931f0840b36934f
NA,ab1e7c0c1c0bebdc41db6e6164f18223
NA,a6415da1e597aac83422695dceda6b08
NA,0d47479df06c42e1b37508b51f15652f
NA,7184d285236f63e326b5d11c4bd03a16
NA,73eafc53e83c65df3c0e939b267e6c1c
NA,ae22225ffc9509fdcd16dbec86487c19
NA,f1927b2b454c501a9b76f1476e448452
NA,198c62d34a99862d24f8939315b64dac
NA,354660d6c60f42679fb6487ce2e1f2bc
NA,b03d59ae2028c53e0d16d5aef39ed66a
NA,6e66d4fdcff6cf53bbcd7a8c6070e56d
NA,28e49e9b6e3cf47f0411d7ceec18c5e7
NA,16fdb176efff64c2c14da8d17927dfda
NA,ea2957c166fbce6b3167a5c97a57c7b9
NA,42fb057dcc8992578f385682317d5389
NA,d3b9c0cb689704a2a20d901d8c7d57f3
NA,a35c7070a543a37c875f1e134369fd28
NA,5e52b79558ba4e1d90f5f4add376e885
NA,33c65a6143ca70b2440ad7d1d50b28a4
NA,757f656fc3e6d447ff3b40c7f6f4c77f
NA,fff0d05745b559b5716623351b3ec931
NA,1e824799c5304f53a4f0b93d3c60745e
NA,50ff4ab9b3f0c496f349483a5ec20f34
NA,447717ea112f14956ff86eb3626e9020
NA,c560bc6481f7db89bfc91dccd78a6167
NA,4286ae796da9cb3d833ba86013c62bfb
NA,3f76d6a7d5f229ac5dd51bc7fe0688e3
NA,9b58f13538c679325998dfc1710b1786
NA,11785b9204ee601944bd9d3947abec98
NA,75182fb7711010111ab5f9c4e626e85f
NA,9fbf3add44d18cdcc9281dad01727cf6
NA,0d29a4f978e49cc3f3bcc3e3c3e8f66b
NA,6b3e1eb5f4956cf270f2f64009c559a3
NA,53761d0d2e53eb44c0a177d0dc273e05
NA,527ce8448074bad69dce78981ea9a80a
NA,29f6ce6e2130832e38f217a374c8e08c
NA,0ab31bdc957750ed0e928ab37d22aac9
NA,3cd070d1ded15d5c3bf2054c72dc3b40
NA,1f28b500ac664b2cb43ed0015c1451ed
NA,a06bf275238a682090c9ad003511beac
NA,ea2894327b2a452ee24cfc20eec873b4
NA,62c0359bc0e515eed8c12389e1d839a5
NA,cea44bff84ef2729ee9ab55537d93f4c
NA,0ea887e5cc77041b4b00f8430c843eb6
NA,66ccd9ce895e9d167e53ae1ead1c18ab
NA,6cf1f49b1d787f49df1cb7cef658812d
NA,a238eb026f2dc5741266adab0d9e63d2
NA,2fd0a50aa76298b5c8387e1bbc484121
NA,c1230f639694aadb9e56d8e608540567
NA,77e72859713058950ef721d927c6b94d
NA,56cf22ef41d667092edfe59f664c79e6
NA,c433bf7a237a69bbf1b955c1bf05b257
NA,75a926132e4e7ab30b2b0803b63d5fd4
NA,a1ed26d76b71f9722514d1707e16bc39
NA,60fd3ad5c9f1d0a6a86dfb5883446f45
NA,b02ad02fc8cdcaf27bf1a8d9d61deeb5
NA,84f515576023b64c743cc00915557c51
NA,54a6e75aa6da3bebe56e67005627f739
NA,59c7c73fdedf8d4b81193a65d64b0e1d
NA,5fccfa5042bb47f277ece57a24f2da0a
NA,c11ea945d291e3969486c9dc0dd0e865
NA,bda4b45ce9d46d3e130a7ecf94a0b426
NA,86bee1bdb7f152d2fdc1c502d737da8a
NA,0627fa7b6d9aab3175baf033fa45218b
NA,2e90f1e0cc60545f0eff62302d0304d2
NA,0b989a39a068cf5a081363eb337fe45f
NA,0627e8e2a2801a33e9adbf49ff80034d
NA,d61c9a4534558d57f7ee131bbe22c45a
NA,d86dfb90a9db0fd0ae57c9dcb47f1556
NA,4f494eb2019c9b8fbac600948e7dd0ff
NA,b7d187e534256a9689702dffa95e5067
NA,cec1c010ac435af3e20218e1861de592
NA,7c4275fa58cbcb77e185473ba98809e2
NA,0af915e6d53a43863249568741931f03
NA,a1a85d80414d316cbe9ba6d5aedb7cd6
NA,3014dea83880636ecb97a4c521090938
NA,9ea60846b699e00d1192be60ed8db9fd
NA,36b2e086fb373044fc813fa38dbae628
NA,e04c5256370e3173b3236fcea399d7e9
NA,7f15eda5b72bb5fb48a44787e1460fea
NA,b27838d5e8b5d9ef364ee03d55f47d55
NA,987369cbb37d27ad9eb14caa762059f9
NA,b5e952ea5dee248954c7a12a7d7f268b
NA,c69ba3f1de678f23374553d93a0a65c4
NA,0588e8d3623ab26c321135074ca1e959
NA,aa23a8011a4b6303a063f89778b234e1
NA,6e1dafa4cf601afb52176b6cd82432b6
NA,1708f0c8f895755fbbca6b821783c8e8
NA,c880bdc4ddf710a6012b14c58972a4df
NA,c0976b79ddb37bf3c98751711d7347b5
NA,2614a563b5f493b06bd557c61dfac884
NA,696285744c8b3a6f45d82b5e9c6e625c
NA,64775e58378fe49d78b5d31c8d2def67
NA,086aed7e8c6b267ff8c1c57fe613e322
NA,35dcbeb1ecff149f5eb288cc37ed36a6
NA,577d3c7a9d3b961b2667a2f44866ba03
NA,187c36d7860bd38983072cb54831adf0
NA,8187d54265e2acc9b2511363af2cc16f
NA,34931c05e07cc1ba8c5018885ff44034
NA,0505af6560008f4ae036b481398e2d28
NA,610a77d8c054756434a40399cdf54f28
NA,57e6473a6f41a764257f7bae6ba3d5f7
NA,9aeb747f31df7c26c5145bc5d89cdd93
NA,af3f33bc2dd78698dda2fae70a40438c
NA,1a446d3d3a0c8bd0f46916c5cf59e2a0
NA,9e6c3ca9782db39648ce84ed72c2a2bb
NA,89a0b01da21d554db0f3b096ac7b3d8f
NA,9d818165ae0b62275761c057296d14bc
NA,827ee48b691f36df520184d2167c9040
NA,c07bb437785879cfbf9f3e68fe5a552c
NA,f92eee0d1f6daf0c1f10b239f188dfac
NA,9a8c2ea2e29dabbf0e72db2f997a122d
NA,4091067cc59a050204bff04705c7ef60
NA,2417d0ad9eea50b720674ed2169779f7
NA,db5bd9c379f4ff86a55c206dd521dc8e
NA,6205c9a52d16c9c114c57019b6a6280e
NA,3970bf1216dc46f960f8701c31c9df15
NA,278c0e823169ff1a937a6fb872874a42
NA,3d75c6198168ab068a7be8c044fe52fe
NA,f580c1f2e2313330078b11db15f123c9
NA,b90b6983dab7fbf8f095d5d1d447e837
NA,37cc8574ae4c4ff76fe8f88a118c90a4
NA,10afc108705ce0018ca57adf34db11c4
NA,2065b151f595ff7838b1121c7eefbab3
NA,094cd5d436d34a61f5219f906418e6e3
NA,361877a1d58740b006aa451492bce6cf
NA,3a29bd69dec32e219e3ffd40bdd363de
NA,9bcba621864ce4c6a08f270751fd9366
NA,71b9c19c6ed06e1c3748b680f4c2478d
NA,dc49b92e3ebb8eab12fd3de79f8fe6df
NA,26b96f42368d82f6d3bb706209c29033
NA,6b41366864bb31518e220a379e5651be
NA,86ee889a45da010fa24b4fe95a42d661
NA,a16720bef49c6d3ca68986fe6e65624b
NA,1b45add20a208511648381cc4f8cee2c
NA,b7177bc18fa1959f09891aa5ae0e9d74
NA,3a84d858dc741b83149afc6461d0b476
NA,dccbeec5d7711ec6137dcdb77ad75174
NA,058e141a241e68c64e599580f101f53a
NA,d19c3fa2f1ce5cba4ef6d2f15394e12b
NA,7177d5a6e01d19bd4267d34059432e1c
NA,ce8da416bf5aa7c87df282a49f2a2c40
NA,b30a04435c9108d82751f07096b31222
NA,829a50f7cf00ebb15618b799f6141dad
NA,4b928f35ead398cc27cffda4566f1f0e
NA,51957d68a0e50d865f41c6fbb321d01e
NA,b5f9055991a36c4523b669ba59a60e9b
NA,8b20658909865c536368355b68e1de41
NA,973b01946f7382672541574b3a36ccb9
NA,ec23f1758f35187b5b986ab9f63ad3c0
NA,fa4008d989c3d550f56213306ef50353
NA,f575f4df3514279b4e668af150661370
NA,491e769c7b1e58d66ffb522c90935596
NA,952ead072d3d7cec01baf2493a470ed0
NA,8ae4e1940013f31dd57c12757ba762f0
NA,2740295bea0e788bb44f6fd7c21b592d
NA,62e42d04792834be4cfbd7705dfcfb46
NA,c0ccc5b7c70423263c712c57a2f0e233
NA,9729320b2b99df61ca5270b4e63f8741
NA,485024afb6c23b1980b7720d56763791
NA,f7ff73d5225b70c17b4b4b2f88524ddd
NA,32e210d834b8d031283eaeb46b22fe30
NA,3c5eb0efad3b6f3dd69d960d9af5cf9b
NA,be66a859fe36494a1b4e7dd875080316
NA,43ce371e67e7a1cecf87d2504b6d1815
NA,a1a80b57419dc0a0691f16f598c2dc68
NA,28eea035f8e40e332fb9b433529b821d
NA,6fbfd0181efdead79161eadfab1caa50
NA,dc0f9304b116a6c911844265bde6062d
NA,6d3e33136496ef1ec67c13baf92d05f7
NA,58de6bc2b538d2c66a11e3d7ac64b9a0
NA,fa94f1589481b5b7a6d0e9d89e821cd3
NA,03bd77ada211bc42d6128a331426e1f6
NA,073fa9b09250e9caa109841f86191310
NA,4202958c8188067e3ab254f79314d1b3
NA,18893676591a54fe8559ac5e433924e3
NA,e3ba86e5d55c0d3444a3122b724dd17e
NA,13f6fdf70584abcdee02204f73c95a88
NA,7c4a3a0b5ae38078da8aa2f35bfc644d
NA,be96e25fbece3402af41c389374fc608
NA,a43bcc84402282a10b0182fa529bc8a7
NA,bda6910732f8a8b711e9d46c7e10c01d
NA,5a95ce532c74d73d28bdaa70a4c40244
NA,e861d99d39cb441e98312cd26e8f1c12
NA,6f80e3366c4fbad91c0bccaf217742ab
NA,95968ca56a22aaaade5de269ce9721b4
NA,ff35fa85978e62e33e35ba89e12c587d
NA,13aec730a8da9439f49057c7f02eab6e
NA,93ca158802744bee64c6fea6189964d3
NA,fb3ddb0060c7c22894e98ddb62a90d1c
NA,ebaf30eba7755e952f72e953ddf54854
NA,0873e6af078c5afdd13b8d2a47f773b4
NA,40754593524f471030b8db0571f20ec2
NA,fb8a6c26a96a0b7c6746372698f1a774
NA,52053d81c8eb78cb6baa1557174f0b61
NA,80b3fd1c86c6ca83d938155c4f65f99b
NA,23d3e6bb19e35b2c3b537e85d29666b2
NA,0a2bc22b403c464ec8943ae36c88fb3c
NA,14964da5823c7c375fb82df53ada8edf
NA,5c516cfba0b0d16b29195317aead3951
NA,0b814048a203b3bc839948aa7d88b3a3
NA,6a3941fcc671b33e4438571813964dc3
NA,0b7a3be0bf79da489e9a87aca9120956
NA,4aa4fd0a9119d25fc8b14516b4933b8a
NA,f9a9db48ed1e4e7a425961804b916a9f
NA,827f78dc07b41b54205812779b815c13
NA,354237ce7fcff20e9c8e4d77b9467356
NA,a4b475ae8fad4ddf711a9ab4864b101a
NA,d0287a54db4d0e35d41c8fdbf1d25613
NA,f6407ac952de04f072df90ad59ebad85
NA,abda0a8d398e89b6e74b70ada628e021
NA,9622943117e83d970479b1647b6b98b9
NA,ce0a021df3d3ce4f15c0debdbe11b846
NA,dc3a991f9a14ba9202215dd7687a4367
NA,8e69817a52aac24d3bb3998d022f07c7
NA,ff23ed1eb39435534c333c8e50b9f3a2
NA,255f87d87ab8a317a1d5d20b221faf3d
NA,884a6b4ea425e18eba6771fb0797d224
NA,78ec7c9f38c49a5da9534d06de04574a
NA,597750bf32edac60e6316d0895ccb011
NA,1384f1d5889ef28a3632ff3a6c50e8e7
NA,5e1b2bcbc7c9829679bdb775b7359971
NA,fea264eafad5b6af67e1e07bea66c10f
NA,86e014b8ff82a61eb3386c9b834aeece
NA,49ed34506f787610d4040071fc2fb97d
NA,c2f3c8c91090197822669fdb5abce97f
NA,59a2945a502ac4bd7b5e5139b9c3acb2
NA,d9fb84d04e3f2574648d910580dc936d
NA,a0eabaf9d2b5bfa68415e39046aac4cf
NA,b26217fc687e34dc8f8f02994ecaa781
NA,ec023e7511c5d738df1ae30715c97eb5
NA,7057c138dcfbf9a6426ad6e9942c9996
NA,33b3cd6da54619ac4e6b59af87704b24
NA,5b3bc5a9390bcb816e6c58204b40e156
NA,2cd37907056ebafe4851115cfc11e425
NA,363bb1e00331368a12bf693f1b8d0699
NA,2eef3588976b2fb9c3c0300a65b7dd1f
NA,083182d5ea5d0718ff63e9ff94586c69
NA,de2a7a554c85228ab9ea90d6e0e59212
NA,dea7c4eaa18818fb2c51831bb35ae54e
NA,2ebe26004818c399a445414b219ad0a5
NA,238fab83da85ab3b302efeeca853536d
NA,7cce3983d6de751e21600a88784603fb
NA,639d690bbf27489ed1a700f480ccb683
NA,61ba8e51086c7ee77d95d23fd979f2ac
NA,e46070e245731cde6b68060f72a8e21e
NA,df2d3869b9798afaa3fa4d09b19e4011
NA,64e93798a606a88c36dfd66e009a8289
NA,fd3f661c3d89ed5007350846f10a1ba8
NA,59effe0938091125e3dc7da8066678e6
NA,4eec1c756fb93122287f98488b6cc13d
NA,0a8b3d6ed14731168944319bfbda3ef6
NA,88a89eb20877097a9506f5591ed20190
NA,c082466ec233d1308d301a8107c277ce
NA,714841cd8d5715f79ff9dc65065d5830
NA,b3d24ec6e8953f66f7246f77df26a9ec
NA,929eac68029a1138444c41aea2920e7c
NA,70817256d75c358346b87eddb78b47fd
NA,b0fd9f0f14353a7989c4d25e193d6585
NA,0743aaa7723bf4b814f00d1afdac1507
NA,8a8fc8ced9286c57676f0f1d5d2e3fb5
NA,71239cd58564c82273bccd01d711e842
NA,3737d2825350c7dccaaa7410978b5e7b
NA,157a1911254e00a336273eda9b3e528f
NA,ec78ce2dd623aaceda1969fbc1400945
NA,d98429f5f4ca2cd2f305e954328afce5
NA,0ef07ff6721c4910ca4083abc94e20ec
NA,0c6d1e0905cce0fa9cbfd433cb5b2e02
NA,21734a2d863324047ceda8394988aceb
NA,f1b594e40442a836749ab1e6b8f4f695
NA,fae3299254cf9df3777502c76e6a9f15
NA,6ac498bfbf53bad09b8e82458526b2e2
NA,963262d2fbfc5b3a6e7f03d0339be51b
NA,cc8996459aa9c555a05e68075885c317
NA,2834d2480789129a5706570a86b81698
NA,95d79e73ec8905e747dd27114dbc9943
NA,446d6f063b5d870fc60779599a0177a3
NA,4bfcb8eda3f0d1c7ee480a86ab1bf9c8
NA,c9f590fc78e2b0d29a259a44f9a7832a
NA,79815bc2c7985e642497c6c4c7aaf9fe
NA,b705ab13b6bb86fd57da8fa7749383e3
NA,bbdf16f833a6f281ce0a77414f13771a
NA,207692031d479939093a94dbe6af3112
NA,df14cee1f7351d49c08e0efeb2103f03
NA,1b14ad98400c5b7e34c1fb59bae24b7d
NA,644e945384854c34506950f5cb28d67d
NA,dd90fe8df0b865d736abf4cb9cb8de97
NA,dad73392f1dd2a5b13925a88a3fceb2a
NA,59e38375998a5903d2a1f47edfa8fb34
NA,07e21d9417ed237d4501826cde769d94
NA,651d3e74c6b06189fda703a054283bc6
NA,5f781d8b61b03f754060ae18bcb1eb01
NA,3f84f8234c2548af73a7823271523cf8
NA,f5b1fe77258f3a5b98c94dfb76547bee
NA,7f62499bd2a14b108e80816cb77aac26
NA,cf59f777e9fb8247df5dfe516b06a94b
NA,7ea0b9128ba2e72f874f2bca477f858b
NA,66d79b0d1b1266b20908b7d8af919534
NA,2cf1161cd1abd87029b4aa52a4590ba8
NA,731fd254c76a08d1e7cea35e5e9d007a
NA,f79d03e6300d05383a6b02b3427269fa
NA,63c20e54b482aa5290c5d20a3aec5c13
NA,896522c4f5174911619abad5e571c2e7
NA,79355c372efc650f9d0766093fa3cffd
NA,0197ebee6728c4f26caab064dd21b22b
NA,507b793fa9697ca2bad12124ade368f0
NA,f4824e067d1b60da468f64e886f91832
NA,cd4a12e2037b7f9975bb6cc365ea848c
NA,88c9d5fafdb3fb6fc5e55a2c7527d4d9
NA,aa01b90ad232b5fcd5909408b8a16949
NA,12e7c306e48bd65abbd07a9b23c8d2e6
NA,4b80b3caa1d52591d7613888a3318ed2
NA,6911246e3fc9dcffb9d9202a8fe1c49e
NA,72e0ff3c9c590def8935aa85a104eeee
NA,8041e71530067f77bde66e95d059b0a0
NA,09e67d190454292c3dbcae5dfac36a6e
NA,8180b223c3dc7a84a7909cc0fbbca6b6
NA,cc4cf562dab6d3e11ae2d68fb3d12051
NA,ab88e1519e216be0351a4be33fc871f5
NA,e471b8999a378a87fcf04f7d37698dfc
NA,bff40b0c3d19a9d86974d6d6c200610e
NA,c7bdca80d15dc89ad2809b7f2b63359b
NA,51a886942f1e4d1c17352560dfca60ca
NA,186ded98ce2ce8bf893e15598ac0cbe9
NA,06c1338bc87ad0d6dfa634aeb5f62065
NA,755c6bb48221de45fe9cb730281f4d6d
NA,0671a0a849062d6dcc8e333063f8f69c
NA,f493fefe309e1ec06759ab94202c62c4
NA,5bf7495638496911f039b4b07de83f50
NA,6110258463ceb9fc61d8732720425e3e
NA,a34bc231bd96e133474ec81fc066fd8c
NA,21f6bc3f8b3800ad6a11f64ee0f2c75b
NA,608a72c151038ae2249042cc2f671801
NA,ce72f38e77bbd7918fb09a9ac87ae0b5
NA,0fb8b40ef5bdfbc8a84893be34384435
NA,8a7d572552ce3a438c94b2c0c0a248c8
NA,098a5beeeb71717e67b017738b22091c
NA,e437236fd4ea110f03ce2719fbe6ee7f
NA,1816f1d24a5bb686e154bd3050faaf56
NA,e35952e0135e2050c1f1aafb34113982
NA,766a84805e06fec043a8ceecfab37fbb
NA,770022bb8c09d9516e84bb9a56945793
NA,f4cfcabd3338cbaec88ed7921dc7813a
NA,2ac743957567e9cdd8427b19954257e4
NA,9bce113b5dac071c8a17131cee6ee25d
NA,aca58a1133a3fcde7f06dff7397e82c3
NA,f88095299541483e9ccfadda699a2c8e
NA,da7fe0bf00e800ec222dc553433bbc60
NA,15dec172e5c74d253232bde83cf85c93
NA,56cc746955e2d07cadd7570d73f62a37
NA,8de8f5d178bddb42f9ee9deed03380b0
NA,e40002b5f9f566bf576930bb76464bcc
NA,67266b3365301582f330865a69ea15e1
NA,5d84e5af20ba0fbd49632f9e5fe62bd7
NA,05d60819fdc7bf6d5de970d83678b970
NA,27782b6a4a6881602a0754539217b06a
NA,c372f41f8974797c633332d0d6a12005
NA,7e66fa62972e0d85399a4d3dc04bf8cf
NA,afc8110dbb770d78f5d8113a37215215
NA,9c44c2c8ceb78e903ab8b7fae7dc7f33
NA,90e05dab136d1fb3b18e807cd603612c
NA,fb3ac4bea90339173b7b361b38556706
NA,bb1d81768c004791ec589a0b0a67fe53
NA,ee70c4f92c19fe1ce1dd6a6cdc2ef2eb
NA,01715891e8f135d1a06660706401a24c
NA,dec24775f29c48b6cd20dcad316b86ae
NA,1fdff7ccff397fddacfbd5af9742721f
NA,a54213f24d9a45fbe501c8c11aa26bc0
NA,c42cfb7cc5f1572dbc954183af6f627a
NA,97dadca1465081fba5af13766b8f9a2c
NA,601934313274549c1b9e966c8cb70103
NA,0a3391c1048b7f583a17658eb60651fd
NA,1fd77fc6bb613d4e79accb2d89c8aee5
NA,94786673c7425d56374205c516a6ce2a
NA,28d912a897090c0146f50f868e61f381
NA,b31740a57c719e0787d4c9ab3eeffba3
NA,c76a746f5b82c96c3495ac2eb10a89b5
NA,0fe692c033469b21c37730abbc3dd2fb
NA,403f4507630aa10e7032f984ab107681
NA,d51a0eed1da44db7b0956fa9f6dd6ced
NA,99d9ec1662f7bec03dff8317f642d042
NA,8945b964741594d9b0157bfdeaa7246d
NA,f9c2c37d261d78fd4cfd60b4e5db948c
NA,d276025dda0a313367ac413b801de72a
NA,548a0b400898193d4644d9890e082b53
NA,28126cc4d594816609a094d5ab55796c
NA,96f753782924eb5d2ecef53fce3a27f8
NA,ba08658a50421f5bfde7b87e1ed50b65
NA,0a75d0fcd4c850568bbeb20f758d840f
NA,fabcf73222e78a67eb2fb74084769b44
NA,72d85873f1517bd0d21a7d1cef053b3e
NA,4c987da77863a78434118eef9ac40a96
NA,0fbb78cbe641f04e98e670533b75dcf1
NA,8ba0546b86019797bf31311d9e1779be
NA,c1ee905114ffaaebeb76af93015c0cf1
NA,d650d07d33da278e52c1f6ee6c3c6cdb
NA,684d9672534aa259f8e81d73b7895473
NA,6cafd3346228cc40696f6e88da1f9532
NA,7c9af6ae65f26d67771712d6061efb7a
NA,2f35ddae2c5aff4907ba5547da671069
NA,2afb53e6a44bd1093194960728d40b92
NA,b24db7e1976380efb59e33ada6a241fa
NA,22468c7ecf681c42be07225227f6ac60
NA,6ca474ae9d5240cd5fc16926dc00bb2b
NA,1c1b6671752a4eb6691af28e0816cc2a
NA,b665c0d05f0785e1bfa5b6ba47c1620e
NA,2988d17c2d1eb86b379f788e60c75857
NA,bce7efd0cc71da644ad4e4951a87f434
NA,2846c567e0512da3ee15d41001f6e76c
NA,e06707740db15e1a8b52d5996befc389
NA,49f6ffdc91dcd89e38502927d51423d8
NA,787a43a3d6c67aa568fe70ab9b1566ad
NA,7b18d17e61577e7f08d738a981d32b4c
NA,206c07a8068751e236f4ff10fd653ebc
NA,977a130dfe7a1faada95a0605e6a7d5d
NA,769c5dde148eafe1505d120b6cb8039f
NA,b8c6b2156b6cf9fdd69587c557c384bc
NA,0fa6c4f3ff83879f47821a308b97ed95
NA,b9f8aaca17070a2c754133b18024470a
NA,49225938a50d9973b9f04145e51d5758
NA,ff332e2f3e96d2ab8a98f63fc8d0446f
NA,e2bf1032e6e14d44018a20f1c2ce445f
NA,9f8b66de1485056f837a1ce4ccba0966
NA,a25e4fa9091a3f5c1b5b28704c74fd8e
NA,5d27650005e5b37c85dff5672725f4b8
NA,b36abe594e2ed3048ba62d90469abc44
NA,8fb2cd34271178de0e4e431633cb37f0
NA,1e25ed7e727fd4b70242398d8dc5d41a
NA,1bdef45e080b624c63702b09615e5d09
NA,6422037cab48eca6eb3125952b14dc2b
NA,81932a965c2320b17d81788927e64858
NA,954930c7007b65dac3516844f92e5f0f
NA,8e21dd524682d3f3266387d4ecec75bb
NA,afa08925d5fe1e484f60ed5f64dd2f8e
NA,eeb135ee0689f3f3029b386a65394bff
NA,98ce7141ba7229ff0ab23d3523e5cea9
NA,94d2ac2069cfd2648b9fb8aa610d1438
NA,95ae7386feb31e761b8d799b8177bd35
NA,345960aee52a417daaa25301935af6bb
NA,dee212ed9a4850ab16faf86f826761a4
NA,73da1dc7ca8caef95f889be1c00dc7aa
NA,07615913d9fec58c5f0055fe60c908d6
NA,de57b9a0eaf47d875dc8ead8e15017ec
NA,428ddac355b5432b44191dff5e7ee5c4
NA,e679beb9d29a282532b0a10663735b56
NA,bf3e8acaf8e21a3bf8492107ee845ebe
NA,f81e0ee75ea74a6fb4c2b65f95d0e155
NA,298320e1fc1fca311f9c7ad1d115aba4
NA,f6c5bc86da15143cad7eeae5542342f8
NA,1f95578d7aec741cd6cedb3dadb32129
NA,088214d73ad92a25ae94cb2018a576b7
NA,f7eb51290267c8b9827c6a8bbd510c3a
NA,af0728af65a7ff826b18b65f23fdb6c8
NA,15eb8e4b543b03f632fe5c9f858b67ec
NA,28a2faa7acfe40f5b3036ff07b98311c
NA,17de5a4d7eae7a1ebd5cd8bc534f8cfa
NA,363a7fe64dfb81523cdf244167104002
NA,ae9f452229ffac5aa103daa84c11b1d5
NA,43f73c1ef794dc417fb2561208a53376
NA,5c08cfb98ea8297898a45bf88c187ff8
NA,386c39830103427fa0b0ddc14d467d94
NA,a8b6a0e6cede9927daea5ed663996f3e
NA,0ccec6e585c55a35ea8a3b23c3d799fc
NA,b377b6dfc24761b4c0140f426e89c561
NA,b3e584fa685523b3311baa1e5f05d955
NA,88c79503b1e21a7e1aa0ea277751f7b9
NA,2e4a241f7181467dbc92d8e0b73e3850
NA,815cc2932fa72ca5d5a890e7e1c4ecf9
NA,9212dfa2ceb1d723f92fb58995d4747d
NA,2563f57f45bc08ead4ac31b04e696108
NA,f32cfc2a2bf27a288f0841b62abbc138
NA,81afab09923ccbfb9c3b3627cab0eb58
NA,cf0902351513ba877e0542108cceb03f
NA,f7e4275ab0a13874f113cb905f28bb67
NA,45835e37ed06651ad80c485a11ee2760
NA,0c6a40032f79375de26eb1cef8175cdd
NA,47007d7c8d5029a5397ca5eca7c87a27
NA,59d5ddd1130f286daab51e48dd900101
NA,0b2d51ef24ef748f39c7ef6d7ce014c1
NA,2266ee5885559bcd177951592b239f4e
NA,802c82cba6ef3f5c9033fe395fdc2230
NA,abc5aafaff939457ce6cb53f085f993a
NA,d4bcd26669fc8fb8482ebfd786c0dc1b
NA,857d93178d56b455526ebebe96940c59
NA,6866776d8d2e98d29b6ce2b4c793c9f4
NA,532266c1a75f255018c7942224c69444
NA,dd88a2dab97522eece3d64a66d4e1cca
NA,419f6fcf7212bfdd47d70f9c61d5d974
NA,b1c55c0a7758718c424e0ad152db875c
NA,dbf0b1dd5c03db8db98753857caafe8d
NA,129772751672423ecfe68c67511789ff
NA,b4294b03f62c8625af02f30e110943e5
NA,f677326f0065adc24e2325c83dd19584
NA,8e80ce4cded12789b91ce7f4561af831
NA,407584aa94d819cbdfdebdf06fec9dbc
NA,5500da58cd257c4afd4ad31960417979
NA,29e2e175bcb36987f4ab0bd5fe8ff85a
NA,a41e73c15a19c1a0f1f2691a0dbeae47
NA,f40ee68fe7fa4c3202f172777b4214f0
NA,2a1ae7a9e1963d1203d54fbec74864a8
NA,5bd53bb0ae6ec5e11078e1bc42fdb270
NA,ba70738c5de96a4177776606c1a156ba
NA,f5d3255f596ea0b222b60d1fafafe5f4
NA,7e09ec119adc995c4a9f0a17c873092a
NA,4813bb6ee80635964fb16f13f7ff7710
NA,26a974c7bb3a7930e42ee73886871722
NA,d4dd71c7a37759b38d8ad855f45fd538
NA,df11f238e08e5ebd4f18a0643cbc34b1
NA,1075e583e194d0a1a4d086a283f0f9e7
NA,47c500571d5e1a878914e595f8509929
NA,0ee64800a84a76274a1915251a9cf5b0
NA,09503f2643d73230914b7b231295a089
NA,ca8402e7e7c42b42a92d160a7141fae1
NA,abf9ed705feba4a1bb364f9b25ae549f
NA,943c262aeb5b067723155c899fc16643
NA,b85086db9d11604d521e8069ed8b0b0f
NA,bc4eee4c74643b1fb167e3785342996b
NA,0a477a752635871f760363d1583025cf
NA,13e81ce8b2655ee5bfcaec404be0672c
NA,007155a0a4426608f5bbec79c5ca4ba1
NA,8684ccd4636d61dc550c1b21558480a0
NA,3a18c4eddd3b9815781f079f9bc22b2d
NA,b0df8af1954a52293c8a73c8cc96f4e9
NA,f1c5fa57f25ffeb3af7e2e1b7d2955ef
NA,4834d634b38280019273c73e6fcd5075
NA,bc3c5dd111b9cda2d0574e28c66e8aaf
NA,613d1104b649f00fde7e138b381c9b45
NA,748a185ff5a76101c1ac19c0db9a5859
NA,f07b5697cb4ffaa2667fce8ff8bbdf20
NA,8e5c9f3caf88977b5d1a521296c83269
NA,e4654a0e8a9f8e89649c3d2cdea60019
NA,00629acb79ed2d0455b679e4e13d5c19
NA,6b15f69251c952c97163b2df7da8b2ce
NA,d5f419eb08b51cb911365cdaececef20
NA,5eb2bdfb033b9904e52a0400ead7bc0b
NA,53dc9c60b9e5e241e2cf3cb9e9f4936b
NA,e4c90ef19c6aeabc612d0b678cfd2b66
NA,003d133b296908dcd3a8c3325897d74c
NA,9c1831605a791b995d00358cd95f4f15
NA,5bc96c4f5f8216ef705a3867f8a28435
NA,6192252459f8315bc018c6ec183287c3
NA,ff62c8711eba8d217d24ef6cb88690b8
NA,63420ebac9d36f50044a161a7e458fa7
NA,a81711cbe2f48c4d6268ebfb7f642ba9
NA,8c9191ac7b0ce9ed9ba4cc42a1a0c61d
NA,85ba299e89d429b43a5904a822e42969
NA,32c1c237094f83baed8eb989e8cf39b7
NA,a8afc91e17ce17df8db0f2b32da06b26
NA,300bec46ff1bd9f8b462c67237d12ce4
NA,b22b413537c6a6c6c0d9673d2951fb53
NA,bac9b6c98c459585c0fb30579cf7755e
NA,d4c9641668e3a8eff6c29575961de75d
NA,f1e3e295a28cd2c0ed1029b215f92944
NA,b1db480924c0ceccb1bbccbeb8e2309c
NA,ab781cdfc87785a8dffc0a18b610dcb1
NA,3d5b902a7f201e43c94a2939b4262af9
NA,e704d82070be375719f6e64c04155de9
NA,4aba1de8e1e6697c9e9c8384fe844da1
NA,93f6231c9aae563202db70561895b2ba
NA,d92b675f4c33beae364f7aaebf5867e6
NA,d4b7d4b451bf0c0aa72ae32f81f8d7d5
NA,34b5d9ae7c508a3d2c603f843dd31d98
NA,dc557b02342a9f93dced8e9e47d14a78
NA,4fc4c148ab512e90a5d248848b757cf9
NA,e68e4e3db6f92f53fcd3b0068283df8a
NA,3a0f7ba317295535aaad703992d42d56
NA,7fa49ee2638d8cf000af8dce20185bc9
NA,c265611ea6f8653f7feab18e0bfe53af
NA,8277cef1cce5fef622d25d8f11f633c9
NA,31be451dbe92c43b73a535b5a260520b
NA,c9ab033314ceb92dc45776f9e05dbd41
NA,0f4c9be2f947f0a983e056f5cc7f8b75
NA,f2b4e59f5259311309872a64003e114d
NA,1971cd4912de466ed966c458e57e2dd8
NA,be5c4f57b0c6fe45dead42170df5429c
NA,fd7ac5e13c474dfbadf8698939c6ba25
NA,02defa7bee9902a33c44caaca616f991
NA,6d163c922a13f38f3357a38ac94e9392
NA,4dedff2d1b8588867be870683adcfb18
NA,f43e9904787f43f8a5c1c12270393355
NA,ab0d4a10e7e9548a9997a7411217c1a2
NA,1b3c30bb5e46ace37975dad19c1982ba
NA,39437ccd347cfffe2a4ceffd864f68b4
NA,66bfbccfb204ae5e29a291617a735149
NA,c2643736efbff630fd657360a97636be
NA,d70e93784b8d9256bcbd31883c9e3904
NA,2402fc15c85f495e8a7fa020d8d159a6
NA,6ef3fcd1d7b04d036f74695187330f79
NA,9b68410e1f0ba55e2b770a2c7fb5b73e
NA,2d86a5f214d63686531452e5d7aad30c
NA,d1795ae52d033b2dca6200d5f25c6777
NA,94b18efa2ee7220022cf390698bee117
NA,95fd50f6230b8cca7e2400361d8fa60b
NA,bf37a379572bbbbbeba7e892ffdcbbf1
NA,831978822d8b5d5b294497898d6b7f56
NA,3baa5327faf99ac87269347bd2a8bef4
NA,3ba7ddc182b62c413f4c9ab16479a4d3
NA,b44ae8281684fe8104983fd01575447b
NA,a54b14f2133a8593e37d092514a8e305
NA,57f1873ef5a20c9f5d26de076b822e89
NA,8400f7e8cdc946c97454b09bdfd74e17
NA,084b7ae88516d5b9a87deb7b81b5d429
NA,cd7832d12c17afbd4fbb22783695f9d8
NA,7a138045b2b2b76487657db4ecd99228
NA,67e6d4299343b35b1c8b6d751248787f
NA,e2d5d73a4a36125cba6996e093566566
NA,f3c4a78688e25d87ef2db6a648f2e373
NA,bcdfd4a96e3ccebd50cb301ce51381d0
NA,f9c8aacb41f7f0bc830b6975e72e01b8
NA,0072e6672584b91716d4560b0ea27e8c
NA,9d8ee20d11c46e4ac427846156862dd3
NA,d9081a3b7d5d661aa74beb4164bf6c17
NA,aa4187615c60ec9334fbaa783e14b764
NA,e0753fafe617efe87f11061b2e5b653a
NA,d3beb1ba41eeb58077eac809f2c29578
NA,74087bfc1c6b24875fec316e91fe745f
NA,e8a8e31c31c8b3f69a4d5759cb4fc561
NA,c988ad3890d68fb6ff9b62fca8bd85d2
NA,dc87f6c5ce204650bf495e0fcf8cd93e
NA,a579369a1d7515961e14849c339745fa
NA,b8f12df148ebb71f09c373b6724ffc05
NA,8a337de04a14a60618e0ea19b97aeb64
NA,56245d3af3f0fc8832c0abc5445736c9
NA,10a2b12021760f87c05f8806f2eed28d
NA,75f4a6a65fa626d3ae24493318c87a15
NA,6ac72f3aff688040436f6f943b30cf5b
NA,99308b8fd150cef51a939d55632d2306
NA,663e809b18bcd250a12a9e76aa55bfa9
NA,201888c3569792ef9a6bf372512f5618
NA,e563f4f69c62e1818e68b14939fffa14
NA,e732fcc7c40a977fcde276ba88fdfd4e
NA,df6a212a099343d90c4972d2607a311a
NA,3ffeae2aa9a373f31f77fecba527fe46
NA,0f94cf7fccb5b1a283098afcaa3d71d5
NA,6ef890806189bde7ae80093a268b4b98
NA,e96eac2d3a785bb9e2bc9f9364cebf46
NA,850ec25dbeb1783f6af68d4090095be2
NA,91fa064066f04afa096cab679b920ea0
NA,5f236f01456868e35a270aff4ee5f542
NA,253627f672d00de71d6ba80b1cfeebc0
NA,2d09aed6e6ee764783ab1304bbdf2cbc
NA,494f044759b103f4e7d59ec31d62ef61
NA,f6630082fecc467556dbda1737a90365
NA,de0949a890350bada58c6bf9ee304b8a
NA,e28d9fd871bf796eace21a4ca03a020f
NA,0a43898c2f463af46b35e1ad5cfa9a1b
NA,e8ec0ec63bea8661d5367b1e84ce858b
NA,7380a82211d7d0a1c7a9abc774611396
NA,1562c5dffbcd361e4f0087297ad9d211
NA,9e3b1b638ad4582fb91546734f203f9a
NA,5566e7f2d4d856695ebca0f5370057e9
NA,9e01d3a70f0cb76dba94e99c330f379b
NA,4343c4381db9d9de31fd874a216309cf
NA,f8d3d66fee6dc5b69cf4a833985933d8
NA,4587858a6704dda146701e66af187bec
NA,a89b6f3fd572ee5edf0a2d0550762946
NA,927597332f4cd7196a55086ddadc529d
NA,756a9f49e0639b5a53b1ecd2e241e4a5
NA,16b5423a661cddaa89d76686c943b0c0
NA,e85e160c0667353155d883d466b1785e
NA,2c95491345a428503016dc5ed2c676e4
NA,fddab3943bdd1e6e03d8e5776be7fa83
NA,96f6a7977ba25309e6ea545c0d07262d
NA,53e15c1987648c59987d88a301232ad9
NA,29742d41e825cdc6b748b5ad249ecdeb
NA,3ec6dbd0a03054713d31b8d429f09e17
NA,4410f5865ce94e1df68fb089aab63971
NA,6de43ef68b2bc98cb52d07341dba04ee
NA,7f3437b661195d4c86e5582ebed34116
NA,cbd5e210d193b133f82eae2fa9c66b29
NA,7dbf92bcd1e79429cc1c66e1f125e536
NA,e2c5a86c7ef6ee7610eeca1d408920b2
NA,a8ed791c0e66c92d1e465a88f2f6ee9f
NA,fecd234acf96bf00649119a484605600
NA,f9c217e09e601e709e7e42a9cc36b02c
NA,a4d2f8bc0a5e1290d12b6f263a675513
NA,26b11951ffda294bf310d2215f81eb57
NA,921d41c6abae458b82f8908981ecf52e
NA,f2b7f01153639c96d276af12b5a0ced1
NA,88fe14c6a9883380d1daceebeb4d1c6a
NA,0c35c93ecf03132bde8f86d279278ccb
NA,2f43d5d9597ff31a39356b14adcb746b
NA,3b32f87b9f1ccad345d258dfd7012602
NA,92584a33576ad6667cdba295456bb2e0
NA,496bbb849b4de43057cf98d3a08288dd
NA,1e3dfa2cd15ce006265bc53b8400172c
NA,b1b0a7b4f3df75d8aa00551764fb2992
NA,d6ec9beb90be18015db9f1bbc2caa2ac
NA,dc059ce26846a2ae55f28f77bc5aac59
NA,c965f7ae12d5e502e6433822b100f7ac
NA,fd30589010dea0cbda25fb9a8e93e327
NA,8abb97fe9e8282dcb052ae54eada1957
NA,303a06c97a7b19553cc6d206f8650d4d
NA,0e311b4bdbdb81548cb892276977ea78
NA,9c26bf398a32467d53f922c1369d577b
NA,62b291d6033faddc24afed9eb7877405
NA,4d455f5380a401b83fbb0e85d6ddc279
NA,d3592f736d5a1f939b8c85723b5899a4
NA,fc1a769d61dda78ec1ff5cfb286acc23
NA,e2edc461884e24342ba82324484864ca
NA,b0c748c9f2cff63e0c5532da2c310a5e
NA,99d15e8fde4b9b5751c4c502fbff25fa
NA,9ceef653440c892de0ec187303659ad1
NA,0b78a51fd0cb3fea55b399f40e302e4b
NA,1745b8ab0cbd597c175ddc8ca8f467a3
NA,dfb18b752f8b4ea8a8d9a74e19875a96
NA,66e7b18e369737c7025510ca92208ce2
NA,3c1ed0581fb203327cc462c863a55a1a
NA,f14f8e7b11572589d9fbc609f4beb829
NA,cec7cdb9c6234400288d3519724f462f
NA,090eb1a04b499aa0869bb7c1701264e5
NA,554d7c043f8002d2003d6c72c736beec
NA,7ced150400239a1fed970cc741909233
NA,c490a16e43e3d1f7bc34860a79a97b21
NA,cc5ba15197379903b2cef73bf0229b06
NA,a988e38137c6c160451536dba20aaae5
NA,6ce20dec86dcc03966e36d8eef4954fc
NA,b6e6279539628b7a3c8100a8d0aeb3fe
NA,080e7b37df68a8c3ec35132b7403db97
NA,703c7087e2038d3d6f1644f43a9b8991
NA,fb23952cb56e78bd2284db9ccc9d96a1
NA,24bb154e7eff5aeeb7a94f85e68aa3ae
NA,2d8df1bd35441b9d5b8eae38ce06f883
NA,e4e6ac0e13ff8d7a63dbf056e6f417e4
NA,e8fddcc9088e359cf2c89f8689106666
NA,345800a4db35088151f15720b0bfecfd
NA,2ff5a09d0fe6d823f13ca5df10e7b79e
NA,8ca9b5e79d70cae7692a1041ced12334
NA,ec3faf723824d676aeb0ff858ccb85f5
NA,9c2b9a91353daf96a42346d65faed75c
NA,f19a53f494ce0b4d16306e7b5aa14df7
NA,6c61a66655097b40eeacdef63089a8a2
NA,fb3db6d40caa13629ac4372ba4532e3d
NA,a305bbbeee09abc88261375214c703f7
NA,13e19c7369b879bc5ae1fc8c6972a30c
NA,758dae2ed135d6855252153e4cb90582
NA,b25c0ebe955403df81007b749420b78f
NA,eaac3e53b5b41494385f68a2899ac9ef
NA,dbaef23bf390592750f02d10f4331d44
NA,2b955645a8173118e13956b6529e0a9c
NA,d69dfe6fc2e743f1d84d1baad7f56d94
NA,b6f8980b066658495a75643ab07954f1
NA,b4942b13303b5152e56a1074e61dacbc
NA,74280bcddd9d49ce1de78d0db7bb7a9e
NA,c2451180bf423c2691b30ab7b65ae950
NA,eb0ca670cf4db4526acf0d44ccf65c98
NA,8a935a4eb0d4d631fdaae3e3c1e5330b
NA,482b2baf6530e4352f2599d555011e2e
NA,0ad74f365d29da269b037b93bb4bb550
NA,aaf9a6c3258abbe4e1ef8bc42d935ae3
NA,799dbd2d9a516def2567d443349a2bfd
NA,6f42db74a76229a2da5c234902d0fed5
NA,35e435a597058c05955c113e3bdfa742
NA,bf4f03d5c192645c7b7ebe0045cf2d9e
NA,90148cf298e92196953c768750a7e810
NA,086a0705b16bd88056ecd0cc93895b2b
NA,55ebaa9f7cdd50fdbcebc27b9beaf943
NA,6f6323a2f82c9787b87133ce8c29d25c
NA,d7456209b4f5bba60dd3b3a6e2ea4c43
NA,40a3b6cfd5c873bd32672132055cd044
NA,054a1b08a13df125766a2cebdae7fa8f
NA,2ef8913242ff23311726a810781816c6
NA,574d93c843f3400e83699f11a49eda75
NA,049206711d2671bbecf2b8ff8acf359b
NA,46d32b6d18efdeb6e6f9a71e43b5c258
NA,1b19bb03745012df6f99dd4182d6261b
NA,51c90f00fe687578f553782ad11f2a37
NA,e8b4e95454d20b70211be69fd014e520
NA,804f70a073871754b328cf3fcb746556
NA,bf1d11094972c945b5f06dd05e18a87c
NA,4b34d9017932fb37a073d064c10517ea
NA,2e831a0a66e8e181153defb8a79ee698
NA,1da06f838ea08f38e67ec6cbdac0fc67
NA,57e324a2fcb462f22f01de0379b13a35
NA,8c9e8aa37e29828bcbf9ab3b91ea7490
NA,ac43244036cedbbc744639b41a6cb8d7
NA,8047c99d15339d97354edb4009d31f9d
NA,e86ab3d8f92c1630d96bdec57bae738c
NA,6562896482b6e2d57e23fcf68f708e80
NA,5218544efbd30f414a0a722c5a06de7b
NA,aa5f49d8dd9b65f79b771fbb9252387a
NA,ce78d04abf421b63901cde959bc01491
NA,9b8b76184dbd94043e7a3b9f34dbc635
NA,d8bd1243de1961a0632090b61b81303d
NA,05e213a7f36d11b1772e9ff7474e5cea
NA,f4e5bd8fb9801bcaf57931d3bd67302c
NA,1715f67dc6465ca2d5e8c0567685d60a
NA,f67e688c06d2789236d4cef427e97a2f
NA,c8dd75bd5f401fcc00a5d47332d80279
NA,22731d3152dec39d69638a648a1fa23f
NA,34a8644202ba60edfe3ea5c3eca4d068
NA,74bce699c7f0f24b446c0611efe8bfd5
NA,678e03a395dee10db2e131ecdf8df4b3
NA,1a34fe3cb2972c1f1bae2838c9ef4d45
NA,b7876e75fdc983d31bf9cf1ef921897c
NA,5ee94450c6b5dbb86ae9047736c4ae83
NA,d227d26fa30a66ac15b8be1e0f40ffc9
NA,0836e73b264d6de8ef7f03d1232c29e5
NA,b8f9186780a4eb3773b7b6612b2fafbf
NA,be02eaf730d02a69d1a23b6d115929ba
NA,752b6521314d0a84773837ee2549cb69
NA,c1d7d25ec0403656aa3513c780a84b2e
NA,5049b7862fc8cf5355ef848156d0faac
NA,63724f8c4793227336bd97588f30bb7c
NA,dc43626e541c504c080d3e1f02abcd08
NA,64bd9bac4e19de9338e147c428c9c589
NA,8a838ceab79a62604845e0fba0ca5306
NA,55f8d28c1485020d977ae514a7a85518
NA,b21929295e14b29b84be49a2691450ab
NA,d1f1b0d3d881ae6cfd3cc3eafb9c09b2
NA,356176a87effecebac80144b563178d5
NA,3c78a1ebba0e054f9eff3cd59c6f3af5
NA,6acab2d00d5a292f9c731ece97bbafa1
NA,3bacf5bfe8220dc91ba63064a5f55f30
NA,130bd3551a1d44b767c7fe91c9bc3449
NA,51a96821871e405056441fbf362f24bf
NA,118727b3663f7aa5b8934c837b30bf5b
NA,c89cb6fd3da0d42c1207e7afd98b4def
NA,5422e6abf9eb9e670d10248536306911
NA,913bdf6ac344f674d3bd79095c342cce
NA,6a942427ec30b0bcbff5fc0ab1207c6d
NA,889381f3692cac6965357a53ff05981e
NA,6a04c505bb59860be7e2dbf97add3209
NA,709a26874234b6cd3ed6a41c2730f7eb
NA,71b0c9f8c2861e487acb90da48fa85ff
NA,ea88eb2afbdd3fe41c1c5f617ab3ad20
NA,15624f2b463243f004ac5f1b1ebde016
NA,cfa000b09023871cc652db373dcb1ce4
NA,aa3256e0553c7c6733ffd39f2abe759a
NA,d7ed051615474f2eb7282b0670392b56
NA,33b0af11b37d5442d25bd65c717509b6
NA,c3f54b3a434011f3f7b0d5e8fdbac4ff
NA,805b916b185165c061a3d34ed6f45cfa
NA,8a2d873279b3b4e276d8a64991e59699
NA,37775b76c9ad24191e4cc33455b0cac9
NA,83cf8bad9f41e5efaba9257123ee4bb8
NA,11bea1386a5944e67c1c562e624b3f55
NA,ce863e255c2b7f1fc4a0fd9da3251ecb
NA,7dcd26d82d8bfb6862b3c3e0531680b9
NA,acf7143228ed73f8307bdc897b5513ef
NA,680a93e4d573c4eb7c4048b3b50fce04
NA,8014186fbe96873de4923ad7fe019d71
NA,5d0f10fffbc0d05257de39b907859fdd
NA,c7a4a674b758c8d214ef318b869ea617
NA,c368f8c8ffb9db6064db7f137f0c3f89
NA,dd3a5d9fecc12bd4d2908c297e0b6646
NA,d8f3dc87c61ac20457a06c030164a8d4
NA,5ea903bdce42ecf84c39c12e8f844036
NA,5805dab9e577be60c9ce9b8642e62244
NA,0aed40acc9878593a5d0d8478504a5a2
NA,7f0b0ab4aefc63be673b87a9a3381d77
NA,5783fb95fcc4a2357d827b77d25f746f
NA,6deb337c8883321dacb253be0dcc08a3
NA,59cd5348e6f4efc5d54483528446ba82
NA,4c68c9b638c94855b32761f0347249f7
NA,6be6642b2391a6a3537d86c8dc7a9871
NA,5542fbbc347ed1483cfc10513221b743
NA,7aa7d26a6d2496e837ef5af47bcbf5b9
NA,721439c2a1d214e5eb808a5ccb58eed3
NA,bc6b3c1dadc5968eb4ef9f8ae670659d
NA,388a2cb98bf4a8177bab7b59a471811f
NA,2dbdde03b36800496340516791ecee3c
NA,7eaaa603fa18433f6a1602357c76fe29
NA,a6a4e7d1cc312b226ee5218b79bae84f
NA,4c713c4a577665e7de48e927d71fbf41
NA,778ee85ac3c8fcdf85a9b9bbe9a9da2f
NA,7e6f75f05327e55ddb6fcbc48542c68d
NA,4f8f6c548bf888e8bd3cb190fcd86262
NA,d6c20bb87a38229f9f5ba1285ac2f45f
NA,2c7404c75b65c61dbc14d7af4bb89cf6
NA,e1dd5be164244464575ca1af1fc0cc58
NA,e5f45e7b6ab382786b6bd1341f35ba28
NA,50c0bec815a9197ee92afa5ed2cb1a2c
NA,0c7e522b16411ba9e538f2b6449751e7
NA,c2dd060b643b85c5dd4ab44cb6555a12
NA,02147282dede964cc2f0c0f6f2466388
NA,fa9efe8fb2a89fe3982d0208e9abcc94
NA,f43da60b957f3f5106e8b78b5693e29f
NA,5a5abed8be0e73d8c703de8b18ecce03
NA,34f7a205dcd8a6bfd56067a2ae1c569b
NA,6af8b04e1d522283ca032cd7831e3799
NA,8b9d240634a5eb8c3f995838df1ab62c
NA,50a8866cd5da193df2aa790578286a32
NA,b2a7ad1a39fb4a5ad07a689e159c393e
NA,05c16a39dc8ed0d92d34bc55455cb829
NA,27cbcaea7833b8305e72b005b48a8ed4
NA,bafb6bcbd6bfbc625ae569eb491e92ce
NA,3e761726cc97d67559ef441b494441ff
NA,96d62f730a08d5a365b6c3cff4ebd299
NA,88c0d71ac6f21a23ec240ec650c5d0c9
NA,aa7e170effdbab5894d295a56ae7805a
NA,216d841f9aa023e9e7d1e76ea6320496
NA,db37a8a823e38d36237818198cfd8fc2
NA,d2799ba4c5a945b50ee15464e59acc5f
NA,ca873a3fe10c198337d9f6888b0052c9
NA,3d521028150c9c7a8b8894b592cf352a
NA,d45aa174bff3ed4a41ce07f498f9477f
NA,41f62d59b33fae441b93a6135df2b29d
NA,95532a17357fb381bf0cf93bf8cbf475
NA,b8ddbae4534fbf0f6715e749c882a950
NA,dd2adc11d5bf6a213f9a5719c64410d0
NA,e970006426cdf2ff147ed37d89d29a94
NA,d28baabf424c8eb018480b7b528f7720
NA,1a84627e9db2060fb05c2d655cc8028c
NA,43b3b2358a445e2966a70f55c1508fb3
NA,f7904d2037f70c359d12688c7fd86d96
NA,52f9fa855d2d51c9d879eb398930f98d
NA,e57414d8c8c84ef67c32cfe70ebf38ff
NA,d6663680fb62b109386738b269167c6e
NA,608baa0f142519b839f090687fe37ff1
NA,c2a37c0e39ca684aaaf9878e4e72b3a3
NA,1c72e05e130404cfe3581966b18b0603
NA,fa0401f65d7071106e7bede61f8797dd
NA,48570e57681af6a32f209ad39fc65015
NA,aca104a41483082e10b843bedc7a2389
NA,4cc4b3632ff3763f2a4879f7d4adbd2c
NA,fbb3b48197990450757cdb48aa2b8129
NA,f5eac857c15090b22921d7f5fe10d8ac
NA,5300a4a97432dae0344ed2b39cdf0ea5
NA,37623b39f476299c76b38be72aaf0b83
NA,9f29acfb2cb06287bcdf6499d0a979ae
NA,9d70c391806c5d74c14bfd2405d028e9
NA,94c7e326deb9b0f2489feb8370bc482a
NA,f2de763dd6b3de1c88a8d4c818f8e14d
NA,18ac09a21f30caa2fba771a8b5d298b8
NA,7a80109bc3a41caf5a5611dd144433df
NA,cff0d4041398d57d912f7afd893eefe4
NA,76373cc9609684a5d8d6e6a4d041fd1f
NA,e683a839d75721aa9632bd7c163c6236
NA,97525035d503e351c532ed20f0fb4865
NA,e6bf83ca121cd8d0b2d7dac751357e2e
NA,503048a36c151de198d6bd5b3299c6c6
NA,921eaf8c27194971f0020e49ee6c5f63
NA,88ef134064f110ed4c39fde96cb72acc
NA,86d1aba60c5ad1fc7f9267c7822b438e
NA,6b36b14bfdb8bd32f5f103e430d946c7
NA,ffa2f43a4af7ed3e932d9e2fe3091a60
NA,ad1f5aeefe8b0de3fbe676f7eb190d5a
NA,31586bcd534167bc2fb3c88e7af2f41f
NA,a3b433df63cdebb7e280deeff64f44b3
NA,da2cbbeef3394f61293fef494eb398dd
NA,9c8dfff41311cef045b2c7042b488b46
NA,7a0add138b8f2b9a19349abcb045263c
NA,1caefe242f053a081c93dcf15a20e200
NA,1b50964d181715b484560d8a5c4ab01e
NA,1c40770cc46b5840c704d2095d26731b
NA,e5310bc4e164e5732298dd75eb0a2679
NA,e8be6f1a7653e3b04b1dbcb027f645d9
NA,7a209b79f89de0cc5bb4b2d64244d0fe
NA,b083b7598bd84b6260677d15da14cc28
NA,9a1eca33e4d5e8cb61ddd6db9231ca72
NA,77a63d34e706002fd312c09cb5fd8e6b
NA,173684e962ec2c2280bf12dc70d30dba
NA,d7cb16dfa645111bc1aeefa466378238
NA,a3e07556d96888b7b10c26651b5e14f0
NA,da86e5b85259740b27ffa2fb1cf5d941
NA,87a1938beab1731f09fd3d56d94b67f6
NA,383ebff7c6cdf96efcaf10002382c013
NA,e1bbfb01ac96d4e1e37ef5e9099f3111
NA,c458281468ff06ae89b5912e75402d8f
NA,fdc8e8d0c25803e8691e9249f2293f41
NA,f6ab97e81b1d0f1f40f6716858ecb32c
NA,d5eba5f7b87e58e00dfea840b27ea677
NA,e94eb4cdb632ea8f81c30ae55450980b
NA,21eb91a41be59198e317ccb58ca9d1cb
NA,d9504dc28c2f9930292e08841b8c10b2
NA,5fd7e0bc4a5a380d13fea90eca9eebde
NA,24c0192414877d35ebf774968fa670a7
NA,f475f91fff2ea07dc8696151138cdff1
NA,4c9f7d8632531ff70a36744193101423
NA,f4447458ff53d5a46562b1d10dc03215
NA,fcc86ccab0b218893ab84bfd492db1e9
NA,77be974f43335a86350942e3623c480e
NA,e704f32b79b8e19838537b4923180391
NA,120eeb73c6c0c3fa964527c550d49e9a
NA,c372025359ad784bc84891b55a3e700c
NA,4838f4350fcd82ae0ae15dc08d498331
NA,48e53ee6fa2b2b5fad575784eb43f45c
NA,9134f1da8638cc7b8e43f52ceb13a274
NA,4fa874f489fc65e81d92f9420d8d95db
NA,6e52a06180a17ed4f231238dec53aceb
NA,b5b9924c2ef17b86756cea146cb4491d
NA,9a1f6b4e25cabec1a5d9cbcae26c7b1f
NA,1f91641a3f03f6bbbb2f9cf23842ca35
NA,1768eef7b12f3b71d24b15fd1349ab73
NA,b1ddefc2e8453718d9699408a0407c13
NA,f9fb4a6659f9d51d68668b1e1069a45b
NA,ff428805108091a19f76855a67fc21dc
NA,b6ba4345a8ec357441bb13e57c0afdaa
NA,b8acb449f39b5b26436cb8bdc6a6a05b
NA,9feee383314c692001e87deccc0b591f
NA,2756f3863d11d0d1866868fc77738ace
NA,9fb4115d7d618d0c162d86c8200d7e05
NA,f04a1dca9176ffc82ae73cf286789be5
NA,d26e6f21126a48ebab7d24bd5cde6483
NA,2c176475602666bdf8d75efb5026f81d
NA,61b71ddb0a1d95068af824cb912d321d
NA,d92a968ada537ba63802a55a7ee9bfd4
NA,be860bfe1db12e496fd4e5d10646f893
NA,db8779f06d3e682a11a77a7c008ecde2
NA,ba131cf1f7501159d3dcb605ac0e089a
NA,74234bd4ad4ea399cd32c1805d50a93b
NA,77d1b86d55e82df7e668d0bb3c64240f
NA,4d596c3ba5923def80c32950bc1efd38
NA,18d98537a28e6fc45731430b207965b8
NA,2f6c46c46644f66db7f429a67ccb0406
NA,c27a19d47ee30356bf88a7c0c8b1317e
NA,8fe8b90b376c3b5ef72e016338d5ad2a
NA,03812923df28ff3c26f03cb86aa7c4e8
NA,bb16b62db21566de29fc37b835207dc2
NA,3ab484e383e466a164122eefd6428237
NA,8deaafe035e797e2b738ff06942ff169
NA,a5196c0ced67f467813ddb5499d0bd0b
NA,95d2666605c5234e5a2056b3dd520459
NA,c1cbb522176ae0707d475ebaffb5bdc8
NA,448ed4aa91aafd6419416be8ee914da7
NA,82821a72e3ce83a02bb316c5f7197ca3
NA,f1e302fec03ec4388d7f1fbb00b31ae1
NA,bf16911500b09f91dee6b9c8d4cc5c63
NA,b69e106593f2add7d2b355f76881ca4f
NA,194ab3336b3a01a1f708f977f19c227a
NA,4e86e4cccfe3d41367043e204f29d290
NA,af123749409fe1696017ce1349a3672a
NA,3625cd417b82c2dcf004593ac72eb129
NA,c3beb69ffef533cb79979288f45b6593
NA,3f9d70aeda47cd22ce1ccd92717c9d8a
NA,6a9f753902db5bacd2b3892c76aa516a
NA,921afeb9771d28cdac5818a70620d994
NA,592f53c34a68fc42b2d493eeea250691
NA,407de24b99c4b588bbbc96723e889ae7
NA,fea5eb81eaf07da190b3e8fb63933f07
NA,750e769461170b026ee751c029873c40
NA,8b6744a7276bdbae10e0d9ed7047e1a0
NA,23a4cfa2f5151c05b78ba0a73bc1cf42
NA,858c20c3d1c4d8ff90701dd69197bbe8
NA,289cacdfa3bcd616d32c01e69ac257e2
NA,4536728b9fd7aaad621c1f6db4265e39
NA,a8f3fb6649436d11052be2f75913e061
NA,d47977cb877c822ef0cbeabff2600c1f
NA,1b48897ba1cea446c978136adcc7ec97
NA,d2a6c37b0afbc6e7e1b5c4716389a380
NA,8ad322455ae21ffc09ac30d765ffe100
NA,9d46427f278f44cb19ba355ebe629a7e
NA,8df09cfdaa6e82bfe88195061ba1f8b0
NA,a243519a0caa7ca4859c329f7fa9393f
NA,c5af10f5889e34e98475fa2ac4da1289
NA,9ee26bfd621c57ff1eda088e1f7f7cc9
NA,1637a830f3523906de5b0d1edc5255ac
NA,7925c437359f9531566bf58dedda6379
NA,1ceda73c310e709de0e8ed260addff1b
NA,5e68c7928821fd6eb36ae1b14e5630c2
NA,9fb7c61fc7292c64ab1d5d043b0fa7f0
NA,87ff7f26837747f2aa69171de6f0ee40
NA,15f04900b3df632dbae5fb5cf2993c1b
NA,5f1af978dfa6e760bc1899edef0a5581
NA,aced1d1415949e8c5f399bb089fb4eda
NA,fec844d41bd276861c1006884dbab937
NA,1f53ee78d5d7bc58ba4a65d7e695a922
NA,6c58a61d305e4e31e37bfb06431deece
NA,4e06322387470c8788edf17ca932617d
NA,43f77174af76756bc90c9fc08b39be96
NA,18b34cc1181bcc29b64c04b23dfd99f9
NA,9636190b5abab0c0a3958ae9fc44a372
NA,5374b4a18707b9653080a8dcb60f02bf
NA,eadd22f89c12d33b72a3c894efcb8545
NA,69e988b57a41ece7fec20a8581db04a0
NA,4a6620b0cabf4b91f63831df6c25ea95
NA,81ba0b218ee7b388b956b76e74d0ed99
NA,cf229f1b8413440c852a88f1f9bfaa17
NA,e9fea0ebcf8a7041e0eaa9043fc1fcb2
NA,df07614c15ff392bb11c9d4cc5f84818
NA,a816210ccafb484d6be747724a7c8139
NA,da4050aa308d178b19bb92f5ab23f9d3
NA,21465908a4cd24d56295755f030c9341
NA,7272ba5259cd7d020a82de86c1cb18f7
NA,e86fc346bb54cbf94863d6d1454d15d6
NA,58e4b48813d1d4b0e2b98fa80ab1993d
NA,7f4497260adff7f7b40a766beef78d78
NA,a062076ede002bb79fd43c7c9278fc7d
NA,2add190077380d041ac5f090de2ca5a4
NA,f56d2f0f8adbf453cc0bceed90eb6c03
NA,4baa851ce12590f7d2f9d5e57db8c9df
NA,5a45596fe74c49509cda66357e2560ed
NA,430f4dd82b92282a653ef50094ef8bc8
NA,b20bff2b5c3a994ba586e20fd858679e
NA,6e8072598d190e474b95499779998ca0
NA,078f629b481b214dd5804f49927ce95a
NA,91dbdc0a264a5f2a667806650157d3a0
NA,bff76f2aa0b81c84a250f498a7a73b8e
NA,8b24f8cdd52654365d888fa5cb86a9a0
NA,16ea0adcdf34dea7f309f2d5c21e8ab5
NA,45cec6bd826846cee91aae8c9fb9ec34
NA,04bbe0971fb46fb6cbda03f6aa7889ad
NA,a256f3dfcef9abeede061d1858ad08b6
NA,dc3315490b24e124f82eeaa43eaa1d54
NA,05cd3ced232644b6725301f0a6b70bfe
NA,598660c50859f47e23eeed5507bf1a46
NA,a892b4be6da869462ec70310588adf76
NA,7493388f304d94d0462ed871d492afc7
NA,b60bd6244144cbda4cebd45e52fbe585
NA,a8ae007770030ffa41c8905910d5a12c
NA,077bd012b2c6571665a8dadff4d741fc
NA,2864b726221890951faed6c0c9640420
NA,8896d83d80141776a13c877fdb617163
NA,916449e4a8c29e0034487e88b9eaf6ec
NA,e27e5ec721b8e4a5de886eff6cfed8d9
NA,ea1c2e8554ca10fa49cd7533adaa68f5
NA,5e9f672667f0effbe7bc886dd6aee7d7
NA,9afb4cea8f9bd31a40bf90d69f1b7deb
NA,8e51751e341932b689c02d3384ed1dbd
NA,c4bbd32b4c44b0198a1fc5f2e30a9101
NA,d15967cdfef5bb4e070f3d441b2ba3df
NA,292f6cc91990fe958e3e1f3ee172a1c6
NA,7ddc67eb36e401d7fa47563e6c8bf4ed
NA,4b272b2b7c8ce8f0b39eff57c4d94caf
NA,6fcebfe51e29c8bd69d588ea9d446f9a
NA,ee852340127264805735652f1620bfd0
NA,86e9627b9d3368885f5d1e9b1de9ceca
NA,de140601f4bcb0fd0d9de43d652205dc
NA,62de2ca306ddf548eaa7284f4f48afc3
NA,26375f60f5b723b5ce5d3e4b89a88ee6
NA,88a58847f9e792580c02f9a53f81284b
NA,126d0fcca488dd56c0246ab3e8bb5506
NA,e523e189aac7d014e79930e868801a7e
NA,e2bc7273bec0753de613019790caca1a
NA,cccd9dda64f9bac44aeed81b36c82857
NA,927ed38d838e0fe4bbbe58f4e19bd1d8
NA,da7c680d0753f453e173b2b837c252a3
NA,064c400d54dc5820ccb6939ce616b991
NA,1b4fb229701de5928cbce1b25ee9521e
NA,e5b54af99d3b0b8cdde8280cafae5bde
NA,3bffbd79da3796280c7f31d43ad98a0a
NA,31acb985a0ba1de956999feebb32c8ec
NA,940346a132664c490b8dff8afe8c8364
NA,48318385f0c98194bdf8f2f7839757c5
NA,bd9673ff730a2822e47d5d9297ee5658
NA,4d005518a328060d41cb982299d539ad
NA,6ee47b859ed0bcc30db7d0a356c230b9
NA,0a6520d3afeeb4fcd23d2604e34eaa9a
NA,151cb13da5802ce7dd05704b4b5a3fe1
NA,3709d39e0a62b29d1e4d780e94eb6351
NA,a0f92bfa1435d0c182cd720003999741
NA,e85251ff401d75333a24577c625270e3
NA,4464792630d3a3e8f5b2701d053da070
NA,309b40c1de15c1854013297bd2ec46f1
NA,77b700d3955a7de4b0d207e90fda155c
NA,344abf0839b0f71186d677e594e6e40f
NA,f9aec3c35e2a770af136bba7fa679223
NA,13c3b7b69547af12323c39ab941657ab
NA,b4a3d7806961b89860081a5b34533cd5
NA,33be700dcabb4b8f251d4ee353c99f33
NA,2382d404906d42f7650c26a989909883
NA,c943af5e7be30be3ed888d06f62abcd1
NA,b7bd0b79919ebc5bcb64e7ae8cc023d0
NA,f05147cb318811e9db7f800bc2798947
NA,14b4c9ab4386724cc5ac399a4a5e3129
NA,e9cb357688324d62b0e8ce698a5608e1
NA,713d35862c338bcc55a0bfe06e606c25
NA,068602ff350a7ca6455e4a38f44f3148
NA,6793bb9fab362622ff27125c1585964f
NA,adb7f63f1858045bb45fbc4f7e6e7760
NA,7cf08d38519b650fb7a0f7ba3c1b7777
NA,c20056b4c5d727828f4007d63465bbee
NA,e1e5317a05684dcb2a93297245d35506
NA,e790896cfea2875e8d99d8433b8931b8
NA,4c332a09f586520bfed541d7b2a23828
NA,c6dd043253ec1e80b74b2eb9532a312f
NA,68de76926b9063e2fed8f26097903f41
NA,3053169caed8943c82c620dce6df3a85
NA,dd46b379ad20dc3c9ea80023ece4d511
NA,6bdf469dad7aea466fd80d64f831587a
NA,3736ff9ef75db00cce47c191f7ddb647
NA,4d326ca5e96b3ef754ff4d5a702dbfe6
NA,0a811b7af6d4eef2024f8464d8150796
NA,b31378336ae2d13759814645a030ff84
NA,c2acb5c24846cf2823d165b52446c6ea
NA,15f13cc408d29c4a5f3221ba06bae82f
NA,fad6278304d8e0e9163a4a2db4f91216
NA,28e20f533a40f04aefda14b8d26a844c
NA,f59986d64598949d2770298cd7c51157
NA,f6381b1e187006cce361de6f5e30629a
NA,7ceaa07bc1bb89793dd0ac131de97e5a
NA,c7f383ea138e2eb29d0deddf23c7471c
NA,80496e4dd41843b9a098524eaf47944d
NA,7364b48115bce86638de9a25f292cedc
NA,2ad039142a058f3527b21b20cd6cd8f7
NA,6ee204c26b4f07b18fc1fc7cfd9668d2
NA,173c1135b52ddd252b414ac2dcd078bf
NA,063e77658dfcbe37d563e762ca70f780
NA,bc3aa5a231f632a682426fcc9e382980
NA,603603f4004a5c61fbc6b0fe540ccbee
NA,797c9b9de1046bdf603083a17681f650
NA,e443b6ab5cccc6e04192397bcf562fa6
NA,55f9e18cee2d92ddf309644c0f97d6e3
NA,377592d4cf6c4a7d18bf9b9a822d8937
NA,e7b81d393b03129142f8b0870f250612
NA,ee490140a899b9439228720e2e59b8a4
NA,c79dde5275df10e4a1d1a06c040440bc
NA,d2b8eb9447d9adeb9aafb7f40785e2a1
NA,0dca0da05e046d5061406eec46f71aaf
NA,eb5539a9ec98d52727c2188e921e4a56
NA,5e2d02a59fe9d5d1f5587cf6e9c28998
NA,600ba26cf0205b71d14f8f2c006973b5
NA,5206c613bc158eb56738fa77cf6f5304
NA,3e79383e4296ebb6f64d4eba99be63c5
NA,4df56776679fc670f1af285b9b1de426
NA,6ede234b2f63b3969c5b0e1a5e5ff9f2
NA,347179f32a34f566d9440e26d862da47
NA,616f025427ec6ca5bcb85985d54c5e9f
NA,a22509f7768b33db0b290d02f3b1372a
NA,cc05b8c45df815ed30020f826a999f82
NA,a85d9faa19ba74defb191336702fed32
NA,eb7b22f5a497a5b533799999d8237f8e
NA,10d40d5a596ab566f0f8965248f9b326
NA,7b4a522d7b39c4ab565a8b6159922d39
NA,d7a9286a2638b9ed33790d2d3c24a151
NA,2020c0220c2c7c70d3c02ad432216397
NA,8a509a5ea4cc530f07595642c10dd190
NA,9f88dd2e70c9bcaed9f7c3b38232966b
NA,02e0054244411a63c2469ce58f3af0c8
NA,43105dc3d5a38d5e21852c728569a875
NA,a3797d21a8074d2c7f78f0aed3d76e30
NA,575ce238081051bbc314b9052c440f5d
NA,dbeb30e18de5a230331f6c091200a21b
NA,9efcff19a9dd63da1b664f4d0e70c8d3
NA,06b2bae3132e8a649dacd7373f0a86b1
NA,d7dd754361c8973c18d1d9714fd332cc
NA,eecd5e95f23ea19c1fec31f5c9be3039
NA,a406628b9e2665a36b8d47f7a5c9b8f9
NA,1a2deec3f59d863f8e721c5c4dab6f2b
NA,28a9c42d7ca8599e6894f698dd93bc49
NA,305da4814f74c88d1b8421bc9bdac421
NA,1fdae862cd47ad6f5c3c6665358b9a23
NA,6927ef02b197f10fa1487c06f5fbbe10
NA,09a5e819a9d7cad6c2b7ef4a306cd029
NA,777a58cfdb7e024611d6dffc79e6c40d
NA,4c4ae2e0126ca15acd07866c0ea9b2ce
NA,7c5d78d7fa9a8ea4d7cead6d15755137
NA,10086d2d8e0acdb89d2a3a1bd609b608
NA,3571949c74a45f429a2d1c7322733994
NA,97cd3c62dda1ae65b14bb0a36ef6bd00
NA,85b91ef1d13dc9bbbe0ef89961c1249e
NA,58f920b73a8ada1db8ff43550d0cca89
NA,d71d91a937f7f9f42d97c684b42bb70d
NA,5d49f566a5c8d9375ea85c8116572555
NA,38738af8ad5ba7d06339876fe185e14d
NA,f3976518b3d97b0ca29fc8bdb01456a7
NA,ab5710cc64c3ea7cd3cd5860150f3d90
NA,3fe77ebf46d567578367f15e96755eb7
NA,c23f7ce3d8f1eea0d40a139960d284b5
NA,2987059fe9b5cec349b040c0f8b83aba
NA,c8bd05c42614bdd670f7eaf5a70447a7
NA,1e50ce770ee896e85249aae2dc728230
NA,585ff0a04913693b83e449dde8474353
NA,4e84676fae0b5c0930f10c3f54d999b0
NA,971a3618dfa2d3b92ffb8acc8b366f02
NA,affc820bfa8927c40078146ffd16aa7c
NA,c26ae717e3d14bc709a2cb84ae80230c
NA,2415d1769310b5eda13758f3d8652560
NA,fe57fa423ba68bfe735467f0b09f4428
NA,f06a7d3accab07bf632dde8401ea2291
NA,4a0466e23f7c44a565e0b4f851349625
NA,07e21e855a361278c755f6ec49362937
NA,371dd1dbad0935c5ea0b01fa3dda9d93
NA,3428859efcac9bea891798ffbb81b260
NA,866a857ca025025a53e0727110b95ae2
NA,940735764f0c6eeaa16b44ff01b328b1
NA,2efe56a9a44142a7cb1fa3441ff845a8
NA,528f6a29d94e3d282cd1e191f7c464b6
NA,4a98115287c9f70702747c9476fa1b2e
NA,c771d7d4ebf8aa57e176ba6a938ec1c5
NA,8d66250987831586afef02614c3c6233
NA,a7377198071616f633b82b1d10ef503f
NA,5f91ade44aacae83f24b03ca65f54181
NA,0f1c5945e64d2862773abea8b507a0ae
NA,95f0248178dbbdd3f2ac89922719587c
NA,051945c4af621d91a01c622836ee1241
NA,5a5466d75c68546865fdb899c34ec91b
NA,06024e5806c3b8c33779308ad568b3d7
NA,1e4e3616e2fdacd6a932ff4ac9231a07
NA,d9e84902e6c704d40159b50a5ae6f514
NA,9c146401a6192ce189e2814fdc11ad98
NA,97e6b019bd2bb393bf9d31dd5cc51371
NA,0f23dd36e45ea4955108991f4d301ee5
NA,10e63d6ce2f8b6d407997e217070e49d
NA,c4c247b141d6964027ef419c966a2740
NA,912fd7b6e9c84c75c374670fb3489035
NA,e9a3c60264c3655386277337ec8f03fc
NA,a13e8d744912a78562be390e97c59931
NA,d8ddcf6649d878eebabaa1506b8f9410
NA,c09fa50986708a0bc914208f384a072b
NA,46428d21e7aeb12759791c21f473c7aa
NA,4e2f993d3ef3d53a509f8911cef9b249
NA,14d6d49160a9c85da4cc07bc7032f1d9
NA,460a4d464e31ce208526541a06c99e88
NA,b65756578c98e3b9fa6536e1eec2d2fb
NA,2291fd0f6c8b505d32dba99eeff7b8b3
NA,abb40726227d7b79f5edc6063a3a5e45
NA,79977bb282bd08312669ee2fa3f0d9e7
NA,94a74b0d99c01e9bcb9398f943b0d1da
NA,206d2da7650045536ad8b7f41b712755
NA,fe5876a248b9ac195ff601418a25de35
NA,39cb6718df2aeacedc4da2e468bebd26
NA,777b45ed014d62a441d23327f025d205
NA,ff7e1fbd9a1e5260811eb1fc11aee346
NA,9c7ff1c0091522ae4adcbecff93a79f4
NA,ef510415c78af365e2465df43b936192
NA,d6e6bb55e86717b249959175c0f3a8c2
NA,f9193ced7318c127694653da15d8ab93
NA,18e49fd93cc8ad1469a613f6366f3724
NA,d302f3cc1a2618c3e117e3df7b16f2ec
NA,b5c20d2eb5681c531a0463145161f8d6
NA,91e11d751329615f876a5c54761dad5e
NA,036a5fc41e0d4e3d3c59b2879fe82d48
NA,9062c062b8ae535cc847dbb3f8c9b2ce
NA,e053730c8776ac4dd85cfeddd6e75941
NA,df29b484734577f25870d2dd1fd0f3e3
NA,ed87322573d73a4e6b08c039e50acb93
NA,eb3e78e2ad0fca562aa97dc2ff35839f
NA,199ff01ac7055c609a30f6b5b2a6e130
NA,13d67e6d33cc483fcbba2a81c8e2372d
NA,919445a4d1282f8ed475c9c3dfe80372
NA,a25be3049818fc9d8c262d8aa5640672
NA,bfcf0ca89f107090b332bb0921007297
NA,c5ba6dcef2268d4b50639fe319e5863d
NA,df15b80f3c3efb1aad1c4363a5c72911
NA,f872f1447bd1ddb575cfaf2352bd9474
NA,9ab8489d42912e0f4c8cd204950d5c29
NA,058be682d3d7e882dad0b8ccf6b1b3da
NA,4f9f6146daa32885c2db952ece9f982d
NA,5a5f4be06d70574ebe3d56d5bfca6802
NA,5851e358b8396c929ec0451a51695db0
NA,fa051f9c94ef3ea605e312e3d7966aa8
NA,bd73a49587c34e32981df13e8d149d62
NA,9824350689662c6302999dc0e3e8c83d
NA,bdd52b3cd98f9fffa6a5363a60acdaf0
NA,80f9e201f571717fec72f64ee789b60e
NA,1a336c7e9f6319ab64f4882e6469f8c2
NA,715cdaa4607e358a3b951a5290874675
NA,b67999f3a409a59b4d29cd7dcaad18ce
NA,f446933c1a9d79aac5c92e1363ed84c3
NA,7a24d1f1fe0e0ee10bba6843d6d7083a
NA,54198c69042af3ae631ef232e308d180
NA,184aee2c6b98987dc17594402adce155
NA,6105145bb2b49b36ceafab1f3c7ef701
NA,7bdf89c410bc81eeeff62ff5a272f0f6
NA,8b1f9991ac727a26f891467b6eec8ee5
NA,d8a99fc2dbcde0ea1a30602b9dfc3556
NA,b1e072e15a6cc53a5719b34ba26bf8b4
NA,11a2f41fb2123b87cc5afe86ab124c9a
NA,a681cb57e1da87badfdeea733b977c31
NA,76f3e7bbf41b04ba257f5c38f8c0ada7
NA,8c4c4998dbb7f0d5d1123b48b3f984d6
NA,c1584d9c27674a8ed44e99af84330a47
NA,77771ad387572a1d92240c7afedf4336
NA,8f22a0173ad13822b7ae19932c0f9e61
NA,a9208b952d958e8a22cbdc83d24e179f
NA,76ab518ec5588cb226b0807cc5f50ca4
NA,73ca302eaad6d4f47f73c010db01a604
NA,6e5ffe7be4e8efde54fa182f1e69efe8
NA,e659b7ad4d16f4d4aa5e38c72657339e
NA,496fb6e46eafa973a41633fa9001483f
NA,b8eeaecf27585848ec6431eceb5c5e2e
NA,2dc3bdc9b7a8f1103cc4334e77bc4fe5
NA,acad79cf306e8d9758fd39174b12a20f
NA,3fc70f203756d52517b0f24ea4e77163
NA,2e7c12d6946ae0eb2142cefaaa7ffe54
NA,199533e5de1d5e733f0bf30681f2fceb
NA,d5e15f63171511c07a3c2c643fc89875
NA,2a174f2814f2e5262e518f96f50bf81f
NA,caa1c95d9ae99a8c17b0cfb8722f430a
NA,d271480bc821b1c8dc9b1dfd4e51cf11
NA,306ae181ae636177367dfb56c41d8c67
NA,9460efa38ec3445db7f88e75a18fc418
NA,17f1bef713c05f8c8b00edc2e60ba2d2
NA,bc0cf4b14486a29cabfbc6934cbc5419
NA,4afd016b1103c6547d1eb00a10c63bf9
NA,736740e35a0d6e0b5116504bab9ef471
NA,bdbd16f2e49ea52abd12e19325d40ed6
NA,3d344ef81b0a0208e4de55f6ba1410b6
NA,860c83f9cc55232d1280d0cc9d722d65
NA,798c148741526ae881d73c7901fa9793
NA,8dee58c500e590db5b2c7782cd664f23
NA,9ff5e9724d1ddf6ba120f9a1bd091c5b
NA,fcf4d4983fb27029df8d310dcaacfdfe
NA,7e8106cd562b9a0ff597e17af165052f
NA,0e237b26b603dfd168beb5f1917ef891
NA,0e106d1f8b30564d185ff69835e7f440
NA,de4c4f4616c58eec8ccf0734f27561a2
NA,89a8c0ec4e53d6c6b350e9d82e990ffd
NA,95b01f474ec34a6ad2308a2a4b518f4c
NA,1935eb29171dc31875e2f543ea51622d
NA,19568fc57eaf4711a2dc7192a28e7c72
NA,6e34dddcc404b7ec41b5a965e52ef0d0
NA,346375500e65ce2b0abb9d61eb14f9ea
NA,5c6eb2bbe77e4b42e216bdade34a6d67
NA,92a7898a03f3a0e7529ce8fb7cbfb0c1
NA,3232c2afc57c1ae2c5466ab0262d1e9d
NA,363f890b6ad3defbdb30ef7cb71ab988
NA,3391833f3d5d6ff8f0acd1cd701e3e0c
NA,5b2d14d7fb1151bd152d4b67ea798f9a
NA,704c3a31f11b7aacab4d7470d7ab3e6e
NA,8331282ee9e6351dfec01a65940a8975
NA,be2a4e216a934ecab1cb491ed3e55d2a
NA,68c649c9cbe8c938dc28818d84bab4d7
NA,785b115a7f4d592dac8e5cdd5e6a75d3
NA,772d8901db0a9d90e1296be1fd964b55
NA,c84351e3da626773cee7fb5349942232
NA,302ba72c1a47be9dda9dad230f125362
NA,9cf39b7cf48ef50674aa1664c07ee0a1
NA,c27f9b74b80099fae430d300bcf0eda3
NA,fdb2825aa16ab05194714bf66cea669f
NA,060da9da596ad80512a7f0d1305d8d25
NA,c908cb5ac9136c4120dc53bfc5a0b93b
NA,188cce9b4b639a470b15c7285bd6a983
NA,abfa4aa8b4925e79ca1c34821e3e6d9f
NA,06811913148d183bc7133d22aaa8bf7a
NA,76d0751900e5c4b2df99cfc8a8ec2e80
NA,96190761a5161d66c11214ef1221f1b7
NA,f7eab6f3a3ca4790a4ab3e3356306f1c
NA,8ce1660cfcb73916f2afc5e0c191c8a0
NA,c0b47b486aeae0a65a899f54f55e20c7
NA,d17299eeaa8c6df627032201dfa75284
NA,b99dcb71803ff732e5ba79c00af4e39b
NA,4f8b1fd390d5cb984b909b4aeb36c269
NA,986f0ebecc61e85cbddee9cdcde6df79
NA,6f891d765309fd30743c40085ddfb2de
NA,6790576f611419acb5825027229d73de
NA,cd194f8c195498cbc31294fb763287b6
NA,60b580df4d6293d766fdd4764cd00eba
NA,36a560e4f50d7a82436ad9692dcfe92b
NA,06c725db318f79f5c8d5f92d5c4aba7d
NA,038343a8df381fdba27ea0d31b5ee76b
NA,67cff1cc091f6087baaf0717178c286d
NA,1ee82431a7ebc1b12ab8f49a47b6a600
NA,702f76fc0aaf27c011ed619bc7713520
NA,d3c8a40a9beab0e5db792fbc77b7f222
NA,228ffcd6ff52cdf7a21ca8317a460728
NA,31a2bc847cc8784a406ed32f879b5b90
NA,8a17acd3c05f497e25f1bdbb5d2d68ee
NA,a2992ad7668cd5a43eacbba141288161
NA,a622f609b3bca336da0cd22cde9b0f1e
NA,d5f0e199ae91713c6fdcbd1a1d7b288e
NA,ffc6c5f3636a740a55046954be5f501d
NA,abc8dbc2a2b2563c75c15bedf8a01b41
NA,6edab7ef1219a08938246516ea81b6f4
NA,907424e7806b58824c724b81b00c87e4
NA,43a7376fe8e405cd6cc5e3c2bad9fb34
NA,bcad1ca994a9f0359c5509dc4746bdd4
NA,e41e4d3ef08821a2153b35620fb42273
NA,7a8d41d96471f3fe95e179ff2b0d1717
NA,0ef8d36d6dcad07dcf7345a2b62630b1
NA,b0e5279ce270c04e2d57804d30e9a592
NA,dc1f4b70039a1cfb92f54bbe17effcaa
NA,7ca80e24eb03f4503377499dabde44b3
NA,601144add97aefc51be09c0fcad39b4d
NA,4e5545840315cde3af5611ca5c441657
NA,1f4bb27f8bc026c153dae16af423b332
NA,7a3a0b5aec90829341c89c5577360dee
NA,896ce908efdb2881b16253529989dab1
NA,709a035556cb4edb06769f7d9b26e119
NA,d9dd502c17b524930a7b8cbb084f1bdc
NA,9b28fc7045a8908b5e2f3438bd782bc4
NA,4ed4e129aa3e7ff28cfd036b7cb42465
NA,e689133f9ef63b9b8738ef84ae333577
NA,4b68241e8e680f4da113d8f981910c9c
NA,17a8461415fa5f9e46b6bb99b6c38c90
NA,f36acdca3275e35955699c2b6655c014
NA,daa731725529ced511312fa254aa438f
NA,a39581abd7909de18bd83b7289f26b83
NA,432bc54b32de8509a490b950bae1a371
NA,80fb204909580e09e811cf38a51a3a45
NA,93dae7f5498b359907ef56c56760953f
NA,fca356b74986407f454c625f5da6ed3e
NA,fec3c2df62dc556a3e35786a54d62d57
NA,ab7cf5187f7dbe0ee612325699bc6699
NA,89ed09872a0db2e971c3aa93a9d765ad
NA,9393df38423e8a3359f43d13e1e82197
NA,e54cf2f8c2f8b77e19538298dac2f795
